Workbook

Sheet GLOSARIO 

Sheet ESTACIÓN
A1: SERVICIO NACIONAL DE GUARDACOSTAS Ministerio Seguridad Pública REGISTRO DE RESULTADOS OPERATIVOS , AÑO 2026
A3: ESTACIÓN DE GUARDACOSTAS: | B3: MURCIELAGO
A4: UNIDAD:
A5: SEMANA: | B5: Fecha inicio | D5: 46113 | F5: al | G5: Fecha final | I5: =IF(D5="","",D5+7) -> 46120
A6: CIERRE DE ORDEN | B6: 12
A7: NÚMERO DE REPORTE DE VIAJE:
A8: ITEM/DIA | B8: =IF($D$5="","",$D$5+0) -> 46113 | C8: =IF($D$5="","",$D$5+1) -> 46114 | D8: =IF($D$5="","",$D$5+2) -> 46115 | E8: =IF($D$5="","",$D$5+3) -> 46116 | F8: =IF($D$5="","",$D$5+4) -> 46117 | G8: =IF($D$5="","",$D$5+5) -> 46118 | H8: =IF($D$5="","",$D$5+6) -> 46119 | I8: =IF($D$5="","",$D$5+7) -> 46120 | J8: TOTAL
A9: 1. RECURSOS INVERTIDOS
A10: a. Millas recorridas por embarcación durante el patrullaje | J10: =SUM(B10:I10) -> 0 | U10: =COUNT(J10:J277) -> 250 | V10: =COUNTIF(J10:J277,"0") -> 250
A11: b. Kilómetros recorridos por el vehículo durante el patrullaje | J11: =SUM(B11:I11) -> 0
A12: c. Kilómetros recorridos caminando durante el patrullaje | J12: =SUM(B12:I12) -> 0
A13: d. Horas navegadas | J13: =SUM(B13:I13) -> 0
A14: e. Horas motor | J14: =SUM(B14:I14) -> 0
A15: f. Litros de gasolina abastecidos previos al patrullaje | J15: =SUM(B15:I15) -> 0
A16: g. Litros de gasolina consumidos durante el patrullaje | J16: =SUM(B16:I16) -> 0
A17: h. Litros de diesel abastecido previos al patrullaje | J17: =SUM(B17:I17) -> 0
A18: i. Litros de diesel consumidos durante el patrullaje | J18: =SUM(B18:I18) -> 0
A19: j. Consumo de aceite de mezcla durante patrullaje (cuartos) | J19: =SUM(B19:I19) -> 0
A20: k. Consumo de aceite de motor (galones) | J20: =SUM(B20:I20) -> 0
A21: 2. HORAS LABORADAS
A22: 2.1. HORAS OPERATIVAS
A23: a. Total de Horas Opertativas en patrullajes o puesto fijos
A24: a.1. Horas operativas en patrullajes y puestos fijos | J24: =SUM(B24:I24) -> 0
A25: 2.2. HORAS EN GESTION OPERATIVA DE APOYO
A26: b. Total de horas en apoyo logístico | B26: =SUM(B27:B34) -> 0 | C26: =SUM(C27:C34) -> 0 | D26: =SUM(D27:D34) -> 0 | E26: =SUM(E27:E34) -> 0 | F26: =SUM(F27:F34) -> 0 | G26: =SUM(G27:G34) -> 0 | H26: =SUM(H27:H34) -> 0 | I26: =SUM(I27:I34) -> 0 | J26: =SUM(B26:I26) -> 0
A27: b.1. Horas planificación, dirección, coordinación, supervisión. | J27: =SUM(B27:I27) -> 0
A28: b.2. Horas operativas en oficialía de guardia y vigilancia perimetral | J28: =SUM(B28:I28) -> 0
A29: b.3. Horas en procesos judiciales o administrativos | J29: =SUM(B29:I29) -> 0
A30: b.4. Horas en elaboración de documentos oficiales | J30: =SUM(B30:I30) -> 0
A31: b.5. Horas en mantenimiento de activos utilizados para patrullajes. | J31: =SUM(B31:I31) -> 0
A32: b.6. Horas en ornato, aseo de la Estación y/o Puesto, horas en mantenimiento de activos no utilizados para patrullaje, labores de preparación de alimentos, carga, descarga, transbordo de global y suministros (logística relacionada a alimentación y suministros en general) | J32: =SUM(B32:I32) -> 0
A33: b.7. Horas en reuniones | J33: =SUM(B33:I33) -> 0
A34: b.8 Horas Acondicionamiento Fisico | J34: =SUM(B34:I34) -> 0
A35: 2.3 HORAS EN PROYECCIÓN SOCIAL Y CAPACITACIÓN
A36: c. Total de horas proyección social y formación | B36: =SUM(B37:B39) -> 0 | C36: =SUM(C37:C39) -> 0 | D36: =SUM(D37:D39) -> 0 | E36: =SUM(E37:E39) -> 0 | F36: =SUM(F37:F39) -> 0 | G36: =SUM(G37:G39) -> 0 | H36: =SUM(H37:H39) -> 0 | I36: =SUM(I37:I39) -> 0 | J36: =SUM(B36:I36) -> 0
A37: c.1. Horas en charlas, talleres, capacitaciones impartidas | J37: =SUM(B37:I37) -> 0
A38: c.2. Horas en charlas, talleres, capacitaciones recibidas | J38: =SUM(B38:I38) -> 0
A39: c.3. Horas en actividades comunitarias | J39: =SUM(B39:I39) -> 0
A40: 2.4 OTRAS HORAS
A41: d.Total de Horas no operativas en servicio dentro de la base o puesto (stand by: espera por alerta de narcotráfico, espera por logística, espera por alguna situación ). | J41: =SUM(B41:I41) -> 0
A42: 3. PATRULLAJES
A43: 3.1 Tipos de Patrullajes
A44: a.1. Terrestres vehículo | J44: =SUM(B44:I44) -> 0
A45: a.2. Terrestres caminando | J45: =SUM(B45:I45) -> 0
A46: a.3. Acuáticos | J46: =SUM(B46:I46) -> 0
A47: a.4. Aéreos (sobrevuelos) | J47: =SUM(B47:I47) -> 0
A48: b. Total de Patrullajes en conjunto | B48: =SUM(B49:B51) -> 0 | C48: =SUM(C49:C51) -> 0 | D48: =SUM(D49:D51) -> 0 | E48: =SUM(E49:E51) -> 0 | F48: =SUM(F49:F51) -> 0 | G48: =SUM(G49:G51) -> 0 | H48: =SUM(H49:H51) -> 0 | I48: =SUM(I49:I51) -> 0 | J48: =SUM(B48:I48) -> 0
A49: b.1. Conjunto narcotráfico | J49: =SUM(B49:I49) -> 0
A50: b.2. Conjunto ambiental | J50: =SUM(B50:I50) -> 0
A51: b.3. Conjunto otros | J51: =SUM(B51:I51) -> 0
A52: Total Patrullajes Independientes | B52: =B53-B48 -> 0 | C52: =C53-C48 -> 0 | D52: =D53-D48 -> 0 | E52: =E53-E48 -> 0 | F52: =F53-F48 -> 0 | G52: =G53-G48 -> 0 | H52: =H53-H48 -> 0 | I52: =I53-I48 -> 0 | J52: =SUM(B52:I52) -> 0
A53: Total de Patrullajes | B53: =SUM(B44:B47) -> 0 | C53: =SUM(C44:C47) -> 0 | D53: =SUM(D44:D47) -> 0 | E53: =SUM(E44:E47) -> 0 | F53: =SUM(F44:F47) -> 0 | G53: =SUM(G44:G47) -> 0 | H53: =SUM(H44:H47) -> 0 | I53: =SUM(I44:I47) -> 0 | J53: =SUM(B53:I53) -> 0
A54: 3.2 Patrullajes realizados en conjunto con participación de:
A55: Capitanía de Puerto | J55: =SUM(B55:I55) -> 0
A56: Comité de emergencia | J56: =SUM(B56:I56) -> 0
A57: Cruz Roja | J57: =SUM(B57:I57) -> 0
A58: Fiscalía | J58: =SUM(B58:I58) -> 0
A59: Fuerza Pública | J59: =SUM(B59:I59) -> 0
A60: INCOPESCA | J60: =SUM(B60:I60) -> 0
A61: Migración | J61: =SUM(B61:I61) -> 0
A62: MINAE | J62: =SUM(B62:I62) -> 0
A63: Ministerio de Salud | J63: =SUM(B63:I63) -> 0
A64: Municipalidad | J64: =SUM(B64:I64) -> 0
A65: OIJ | J65: =SUM(B65:I65) -> 0
A66: Otros | J66: =SUM(B66:I66) -> 0
... A75: Vigilancia Aérea | J75: =SUM(B75:I75) -> 0
A76: 4. TIPOS DE ACCIONES DURANTE EL PATRULLAJE
A77: a. Acciones de reafirmación de Soberanía | J77: =SUM(B77:I77) -> 0
A78: b. Control de narcotráfico | J78: =SUM(B78:I78) -> 0
A79: c. Traslado de droga | J79: =SUM(B79:I79) -> 0
A80: d. Control migración ilegal | J80: =SUM(B80:I80) -> 0
A81: e. Control de contrabando | J81: =SUM(B81:I81) -> 0
A82: f. Seguridad Portuario y Marítima | J82: =SUM(B82:I82) -> 0
A83: g. Trata de personas | J83: =SUM(B83:I83) -> 0
A84: h. Busqueda y Rescate (S.A.R) | J84: =SUM(B84:I84) -> 0
A85: h.1. Embarcaciones | J85: =SUM(B85:I85) -> 0
A86: h.2. Personas | J86: =SUM(B86:I86) -> 0
A87: i. Traslado de enfermos o heridos | J87: =SUM(B87:I87) -> 0
A88: j. Traslado de personas fallecidas | J88: =SUM(B88:I88) -> 0
... A106: ab. Atención de otros desastres naturales | J106: =SUM(B106:I106) -> 0
A107: 5. RESULTADOS OPERATIVOS
A108: a. Cantidad de inspecciones a embarcaciones con acta | J108: =SUM(B108:I108) -> 0
A109: a.1 Cantidad de inspecciones visuales a embarcaciones sin acta | J109: =SUM(B109:I109) -> 0
A110: b.Cantidad de inspecciones a motocicletas | J110: =SUM(B110:I110) -> 0
A111: c.Cantidad de inspecciones a vehiculos | J111: =SUM(B111:I111) -> 0
A112: d. Embarcaciones con documentos al dia | J112: =SUM(B112:I112) -> 0
A113: e. Embarcaciones sin documentos: | J113: =SUM(B113:I113) -> 0
A114: e1. Titulo de propiedad (matrícula) | J114: =SUM(B114:I114) -> 0
A115: e2. Certificado de navegabilidad | J115: =SUM(B115:I115) -> 0
A116: e3. Licencia de actividad | J116: =SUM(B116:I116) -> 0
A117: e4. Zarpe (Cuando corresponda) | J117: =SUM(B117:I117) -> 0
A118: e5. Certificado zafarrancho embarcacion | J118: =SUM(B118:I118) -> 0
A119: f. Embarcaciones con documentos vencidos: | J119: =SUM(B119:I119) -> 0
... A146: u. Personas detenidas | J146: =SUM(B146:I146) -> 0
A147: v. Personas indocumentadas: | B147: =SUM(B148:B155) -> 0 | C147: =SUM(C148:C155) -> 0 | D147: =SUM(D148:D155) -> 0 | E147: =SUM(E148:E155) -> 0 | F147: =SUM(F148:F155) -> 0 | G147: =SUM(G148:G155) -> 0 | H147: =SUM(H148:H155) -> 0 | I147: =SUM(I148:I155) -> 0 | J147: =SUM(B147:I147) -> 0
A148: v.1. Colombianas | J148: =SUM(B148:I148) -> 0
A149: v.2. Nicaraguenses | J149: =SUM(B149:I149) -> 0
A150: v.3. Salvadoreños | J150: =SUM(B150:I150) -> 0
A151: v4. Ecuatorianas | J151: =SUM(B151:I151) -> 0
A152: v.5. Mexicanas | J152: =SUM(B152:I152) -> 0
...

Sheet SNG-08
A1: SERVICIO NACIONAL DE GUARDACOSTAS Ministerio Seguridad Pública REGISTRO DE RESULTADOS OPERATIVOS , AÑO 2026
A3: ESTACIÓN DE GUARDACOSTAS: | B3: =IF(ESTACIÓN!B3="","",ESTACIÓN!B3) -> MURCIELAGO
A4: UNIDAD: | B4: =IF(ESTACIÓN!B4="","",ESTACIÓN!B4)
A5: SEMANA: | B5: =IF(ESTACIÓN!D5="","",ESTACIÓN!D5) -> 46113 | F5: al | G5: =IF(ESTACIÓN!I5="","",ESTACIÓN!I5) -> 46120
A6: CIERRE DE ORDEN | B6: =IF(ESTACIÓN!B6="","",ESTACIÓN!B6) -> 12
A7: NÚMERO DE REPORTE DE VIAJE:
A8: ITEM/DIA | B8: =ESTACIÓN!$B$8 -> 46113 | C8: =ESTACIÓN!$C$8 -> 46114 | D8: =ESTACIÓN!$D$8 -> 46115 | E8: =ESTACIÓN!$E$8 -> 46116 | F8: =ESTACIÓN!$F$8 -> 46117 | G8: =ESTACIÓN!$G$8 -> 46118 | H8: =ESTACIÓN!$H$8 -> 46119 | I8: =ESTACIÓN!$I$8 -> 46120 | J8: TOTAL
A9: 1. RECURSOS INVERTIDOS
A10: a. Millas recorridas por embarcación durante el patrullaje | J10: =SUM(B10:I10) -> 0 | U10: =COUNT(J10:J277) -> 250 | V10: =COUNTIF(J10:J277,"0") -> 250
A11: b. Kilómetros recorridos por el vehículo durante el patrullaje | J11: =SUM(B11:I11) -> 0
A12: c. Kilómetros recorridos caminando durante el patrullaje | J12: =SUM(B12:I12) -> 0
A13: d. Horas navegadas | J13: =SUM(B13:I13) -> 0
A14: e. Horas motor | J14: =SUM(B14:I14) -> 0
A15: f. Litros de gasolina abastecidos previos al patrullaje | J15: =SUM(B15:I15) -> 0
A16: g. Litros de gasolina consumidos durante el patrullaje | J16: =SUM(B16:I16) -> 0
A17: h. Litros de diesel abastecido previos al patrullaje | J17: =SUM(B17:I17) -> 0
A18: i. Litros de diesel consumidos durante el patrullaje | J18: =SUM(B18:I18) -> 0
A19: j. Consumo de aceite de mezcla durante patrullaje (cuartos) | J19: =SUM(B19:I19) -> 0
A20: k. Consumo de aceite de motor (galones) | J20: =SUM(B20:I20) -> 0
A21: 2. HORAS LABORADAS
A22: 2.1. HORAS OPERATIVAS
A23: a. Total de Horas Opertativas en patrullajes o puesto fijos
A24: a.1. Horas operativas en patrullajes y puestos fijos | J24: =SUM(B24:I24) -> 0
A25: 2.2. HORAS EN GESTION OPERATIVA DE APOYO
A26: b. Total de horas en apoyo logístico | B26: =SUM(B27:B34) -> 0 | C26: =SUM(C27:C34) -> 0 | D26: =SUM(D27:D34) -> 0 | E26: =SUM(E27:E34) -> 0 | F26: =SUM(F27:F34) -> 0 | G26: =SUM(G27:G34) -> 0 | H26: =SUM(H27:H34) -> 0 | I26: =SUM(I27:I34) -> 0 | J26: =SUM(B26:I26) -> 0
A27: b.1. Horas planificación, dirección, coordinación, supervisión. | J27: =SUM(B27:I27) -> 0
A28: b.2. Horas operativas en oficialía de guardia y vigilancia perimetral | J28: =SUM(B28:I28) -> 0
A29: b.3. Horas en procesos judiciales o administrativos | J29: =SUM(B29:I29) -> 0
A30: b.4. Horas en elaboración de documentos oficiales | J30: =SUM(B30:I30) -> 0
A31: b.5. Horas en mantenimiento de activos utilizados para patrullajes. | J31: =SUM(B31:I31) -> 0
A32: b.6. Horas en ornato, aseo de la Estación y/o Puesto, horas en mantenimiento de activos no utilizados para patrullaje, labores de preparación de alimentos, carga, descarga, transbordo de global y suministros (logística relacionada a alimentación y suministros en general) | J32: =SUM(B32:I32) -> 0
A33: b.7. Horas en reuniones | J33: =SUM(B33:I33) -> 0
A34: b.8 Horas Acondicionamiento Fisico | J34: =SUM(B34:I34) -> 0
A35: 2.3 HORAS EN PROYECCIÓN SOCIAL Y CAPACITACIÓN
A36: c. Total de horas proyección social y formación | B36: =SUM(B37:B39) -> 0 | C36: =SUM(C37:C39) -> 0 | D36: =SUM(D37:D39) -> 0 | E36: =SUM(E37:E39) -> 0 | F36: =SUM(F37:F39) -> 0 | G36: =SUM(G37:G39) -> 0 | H36: =SUM(H37:H39) -> 0 | I36: =SUM(I37:I39) -> 0 | J36: =SUM(B36:I36) -> 0
A37: c.1. Horas en charlas, talleres, capacitaciones impartidas | J37: =SUM(B37:I37) -> 0
A38: c.2. Horas en charlas, talleres, capacitaciones recibidas | J38: =SUM(B38:I38) -> 0
A39: c.3. Horas en actividades comunitarias | J39: =SUM(B39:I39) -> 0
A40: 2.4 OTRAS HORAS
A41: d.Total de Horas no operativas en servicio dentro de la base o puesto (stand by: espera por alerta de narcotráfico, espera por logística, espera por alguna situación ). | J41: =SUM(B41:I41) -> 0
A42: 3. PATRULLAJES
A43: 3.1 Tipos de Patrullajes
A44: a.1. Terrestres vehículo | J44: =SUM(B44:I44) -> 0
A45: a.2. Terrestres caminando | J45: =SUM(B45:I45) -> 0
A46: a.3. Acuáticos | J46: =SUM(B46:I46) -> 0
A47: a.4. Aéreos (sobrevuelos) | J47: =SUM(B47:I47) -> 0
A48: b. Total de Patrullajes en conjunto | B48: =SUM(B49:B51) -> 0 | C48: =SUM(C49:C51) -> 0 | D48: =SUM(D49:D51) -> 0 | E48: =SUM(E49:E51) -> 0 | F48: =SUM(F49:F51) -> 0 | G48: =SUM(G49:G51) -> 0 | H48: =SUM(H49:H51) -> 0 | I48: =SUM(I49:I51) -> 0 | J48: =SUM(B48:I48) -> 0
A49: b.1. Conjunto narcotráfico | J49: =SUM(B49:I49) -> 0
A50: b.2. Conjunto ambiental | J50: =SUM(B50:I50) -> 0
A51: b.3. Conjunto otros | J51: =SUM(B51:I51) -> 0
A52: Total Patrullajes Independientes | B52: =B53-B48 -> 0 | C52: =C53-C48 -> 0 | D52: =D53-D48 -> 0 | E52: =E53-E48 -> 0 | F52: =F53-F48 -> 0 | G52: =G53-G48 -> 0 | H52: =H53-H48 -> 0 | I52: =I53-I48 -> 0 | J52: =SUM(B52:I52) -> 0
A53: Total de Patrullajes | B53: =SUM(B44:B47) -> 0 | C53: =SUM(C44:C47) -> 0 | D53: =SUM(D44:D47) -> 0 | E53: =SUM(E44:E47) -> 0 | F53: =SUM(F44:F47) -> 0 | G53: =SUM(G44:G47) -> 0 | H53: =SUM(H44:H47) -> 0 | I53: =SUM(I44:I47) -> 0 | J53: =SUM(B53:I53) -> 0
A54: 3.2 Patrullajes realizados en conjunto con participación de:
A55: Capitanía de Puerto | J55: =SUM(B55:I55) -> 0
A56: Comité de emergencia | J56: =SUM(B56:I56) -> 0
A57: Cruz Roja | J57: =SUM(B57:I57) -> 0
A58: Fiscalía | J58: =SUM(B58:I58) -> 0
A59: Fuerza Pública | J59: =SUM(B59:I59) -> 0
A60: INCOPESCA | J60: =SUM(B60:I60) -> 0
A61: Migración | J61: =SUM(B61:I61) -> 0
A62: MINAE | J62: =SUM(B62:I62) -> 0
A63: Ministerio de Salud | J63: =SUM(B63:I63) -> 0
A64: Municipalidad | J64: =SUM(B64:I64) -> 0
A65: OIJ | J65: =SUM(B65:I65) -> 0
A66: Otros | J66: =SUM(B66:I66) -> 0
... A75: Vigilancia Aérea | J75: =SUM(B75:I75) -> 0
A76: 4. TIPOS DE ACCIONES DURANTE EL PATRULLAJE
A77: a. Acciones de reafirmación de Soberanía | J77: =SUM(B77:I77) -> 0
A78: b. Control de narcotráfico | J78: =SUM(B78:I78) -> 0
A79: c. Traslado de droga | J79: =SUM(B79:I79) -> 0
A80: d. Control migración ilegal | J80: =SUM(B80:I80) -> 0
A81: e. Control de contrabando | J81: =SUM(B81:I81) -> 0
A82: f. Seguridad Portuario y Marítima | J82: =SUM(B82:I82) -> 0
A83: g. Trata de personas | J83: =SUM(B83:I83) -> 0
A84: h. Busqueda y Rescate (S.A.R) | J84: =SUM(B84:I84) -> 0
A85: h.1. Embarcaciones | J85: =SUM(B85:I85) -> 0
A86: h.2. Personas | J86: =SUM(B86:I86) -> 0
A87: i. Traslado de enfermos o heridos | J87: =SUM(B87:I87) -> 0
A88: j. Traslado de personas fallecidas | J88: =SUM(B88:I88) -> 0
... A106: ab. Atención de otros desastres naturales | J106: =SUM(B106:I106) -> 0
A107: 5. RESULTADOS OPERATIVOS
A108: a. Cantidad de inspecciones a embarcaciones con acta | J108: =SUM(B108:I108) -> 0
A109: a.1 Cantidad de inspecciones visuales a embarcaciones sin acta | J109: =SUM(B109:I109) -> 0
A110: b.Cantidad de inspecciones a motocicletas | J110: =SUM(B110:I110) -> 0
A111: c.Cantidad de inspecciones a vehiculos | J111: =SUM(B111:I111) -> 0
A112: d. Embarcaciones con documentos al dia | J112: =SUM(B112:I112) -> 0
A113: e. Embarcaciones sin documentos: | J113: =SUM(B113:I113) -> 0
A114: e1. Titulo de propiedad (matrícula) | J114: =SUM(B114:I114) -> 0
A115: e2. Certificado de navegabilidad | J115: =SUM(B115:I115) -> 0
A116: e3. Licencia de actividad | J116: =SUM(B116:I116) -> 0
A117: e4. Zarpe (Cuando corresponda) | J117: =SUM(B117:I117) -> 0
A118: e5. Certificado zafarrancho embarcacion | J118: =SUM(B118:I118) -> 0
A119: f. Embarcaciones con documentos vencidos: | J119: =SUM(B119:I119) -> 0
... A146: u. Personas detenidas | J146: =SUM(B146:I146) -> 0
A147: v. Personas indocumentadas: | B147: =SUM(B148:B155) -> 0 | C147: =SUM(C148:C155) -> 0 | D147: =SUM(D148:D155) -> 0 | E147: =SUM(E148:E155) -> 0 | F147: =SUM(F148:F155) -> 0 | G147: =SUM(G148:G155) -> 0 | H147: =SUM(H148:H155) -> 0 | I147: =SUM(I148:I155) -> 0 | J147: =SUM(B147:I147) -> 0
A148: v.1. Colombianas | J148: =SUM(B148:I148) -> 0
A149: v.2. Nicaraguenses | J149: =SUM(B149:I149) -> 0
A150: v.3. Salvadoreños | J150: =SUM(B150:I150) -> 0
A151: v4. Ecuatorianas | J151: =SUM(B151:I151) -> 0
A152: v.5. Mexicanas | J152: =SUM(B152:I152) -> 0
...

Sheet SNG-16
A1: SERVICIO NACIONAL DE GUARDACOSTAS Ministerio Seguridad Pública REGISTRO DE RESULTADOS OPERATIVOS , AÑO 2026
A3: ESTACIÓN DE GUARDACOSTAS: | B3: =IF(ESTACIÓN!B3="","",ESTACIÓN!B3) -> MURCIELAGO
A4: UNIDAD: | B4: =IF(ESTACIÓN!B4="","",ESTACIÓN!B4)
A5: SEMANA: | B5: =IF(ESTACIÓN!D5="","",ESTACIÓN!D5) -> 46113 | F5: al | G5: =IF(ESTACIÓN!I5="","",ESTACIÓN!I5) -> 46120
A6: CIERRE DE ORDEN | B6: =IF(ESTACIÓN!B6="","",ESTACIÓN!B6) -> 12
A7: NÚMERO DE REPORTE DE VIAJE:
A8: ITEM/DIA | B8: =ESTACIÓN!$B$8 -> 46113 | C8: =ESTACIÓN!$C$8 -> 46114 | D8: =ESTACIÓN!$D$8 -> 46115 | E8: =ESTACIÓN!$E$8 -> 46116 | F8: =ESTACIÓN!$F$8 -> 46117 | G8: =ESTACIÓN!$G$8 -> 46118 | H8: =ESTACIÓN!$H$8 -> 46119 | I8: =ESTACIÓN!$I$8 -> 46120 | J8: TOTAL
A9: 1. RECURSOS INVERTIDOS
A10: a. Millas recorridas por embarcación durante el patrullaje | J10: =SUM(B10:I10) -> 0 | U10: =COUNT(J10:J277) -> 250 | V10: =COUNTIF(J10:J277,"0") -> 250
A11: b. Kilómetros recorridos por el vehículo durante el patrullaje | J11: =SUM(B11:I11) -> 0
A12: c. Kilómetros recorridos caminando durante el patrullaje | J12: =SUM(B12:I12) -> 0
A13: d. Horas navegadas | J13: =SUM(B13:I13) -> 0
A14: e. Horas motor | J14: =SUM(B14:I14) -> 0
A15: f. Litros de gasolina abastecidos previos al patrullaje | J15: =SUM(B15:I15) -> 0
A16: g. Litros de gasolina consumidos durante el patrullaje | J16: =SUM(B16:I16) -> 0
A17: h. Litros de diesel abastecido previos al patrullaje | J17: =SUM(B17:I17) -> 0
A18: i. Litros de diesel consumidos durante el patrullaje | J18: =SUM(B18:I18) -> 0
A19: j. Consumo de aceite de mezcla durante patrullaje (cuartos) | J19: =SUM(B19:I19) -> 0
A20: k. Consumo de aceite de motor (galones) | J20: =SUM(B20:I20) -> 0
A21: 2. HORAS LABORADAS
A22: 2.1. HORAS OPERATIVAS
A23: a. Total de Horas Opertativas en patrullajes o puesto fijos
A24: a.1. Horas operativas en patrullajes y puestos fijos | J24: =SUM(B24:I24) -> 0
A25: 2.2. HORAS EN GESTION OPERATIVA DE APOYO
A26: b. Total de horas en apoyo logístico | B26: =SUM(B27:B34) -> 0 | C26: =SUM(C27:C34) -> 0 | D26: =SUM(D27:D34) -> 0 | E26: =SUM(E27:E34) -> 0 | F26: =SUM(F27:F34) -> 0 | G26: =SUM(G27:G34) -> 0 | H26: =SUM(H27:H34) -> 0 | I26: =SUM(I27:I34) -> 0 | J26: =SUM(B26:I26) -> 0
A27: b.1. Horas planificación, dirección, coordinación, supervisión. | J27: =SUM(B27:I27) -> 0
A28: b.2. Horas operativas en oficialía de guardia y vigilancia perimetral | J28: =SUM(B28:I28) -> 0
A29: b.3. Horas en procesos judiciales o administrativos | J29: =SUM(B29:I29) -> 0
A30: b.4. Horas en elaboración de documentos oficiales | J30: =SUM(B30:I30) -> 0
A31: b.5. Horas en mantenimiento de activos utilizados para patrullajes. | J31: =SUM(B31:I31) -> 0
A32: b.6. Horas en ornato, aseo de la Estación y/o Puesto, horas en mantenimiento de activos no utilizados para patrullaje, labores de preparación de alimentos, carga, descarga, transbordo de global y suministros (logística relacionada a alimentación y suministros en general) | J32: =SUM(B32:I32) -> 0
A33: b.7. Horas en reuniones | J33: =SUM(B33:I33) -> 0
A34: b.8 Horas Acondicionamiento Fisico | J34: =SUM(B34:I34) -> 0
A35: 2.3 HORAS EN PROYECCIÓN SOCIAL Y CAPACITACIÓN
A36: c. Total de horas proyección social y formación | B36: =SUM(B37:B39) -> 0 | C36: =SUM(C37:C39) -> 0 | D36: =SUM(D37:D39) -> 0 | E36: =SUM(E37:E39) -> 0 | F36: =SUM(F37:F39) -> 0 | G36: =SUM(G37:G39) -> 0 | H36: =SUM(H37:H39) -> 0 | I36: =SUM(I37:I39) -> 0 | J36: =SUM(B36:I36) -> 0
A37: c.1. Horas en charlas, talleres, capacitaciones impartidas | J37: =SUM(B37:I37) -> 0
A38: c.2. Horas en charlas, talleres, capacitaciones recibidas | J38: =SUM(B38:I38) -> 0
A39: c.3. Horas en actividades comunitarias | J39: =SUM(B39:I39) -> 0
A40: 2.4 OTRAS HORAS
A41: d.Total de Horas no operativas en servicio dentro de la base o puesto (stand by: espera por alerta de narcotráfico, espera por logística, espera por alguna situación ). | J41: =SUM(B41:I41) -> 0
A42: 3. PATRULLAJES
A43: 3.1 Tipos de Patrullajes
A44: a.1. Terrestres vehículo | J44: =SUM(B44:I44) -> 0
A45: a.2. Terrestres caminando | J45: =SUM(B45:I45) -> 0
A46: a.3. Acuáticos | J46: =SUM(B46:I46) -> 0
A47: a.4. Aéreos (sobrevuelos) | J47: =SUM(B47:I47) -> 0
A48: b. Total de Patrullajes en conjunto | B48: =SUM(B49:B51) -> 0 | C48: =SUM(C49:C51) -> 0 | D48: =SUM(D49:D51) -> 0 | E48: =SUM(E49:E51) -> 0 | F48: =SUM(F49:F51) -> 0 | G48: =SUM(G49:G51) -> 0 | H48: =SUM(H49:H51) -> 0 | I48: =SUM(I49:I51) -> 0 | J48: =SUM(B48:I48) -> 0
A49: b.1. Conjunto narcotráfico | J49: =SUM(B49:I49) -> 0
A50: b.2. Conjunto ambiental | J50: =SUM(B50:I50) -> 0
A51: b.3. Conjunto otros | J51: =SUM(B51:I51) -> 0
A52: Total Patrullajes Independientes | B52: =B53-B48 -> 0 | C52: =C53-C48 -> 0 | D52: =D53-D48 -> 0 | E52: =E53-E48 -> 0 | F52: =F53-F48 -> 0 | G52: =G53-G48 -> 0 | H52: =H53-H48 -> 0 | I52: =I53-I48 -> 0 | J52: =SUM(B52:I52) -> 0
A53: Total de Patrullajes | B53: =SUM(B44:B47) -> 0 | C53: =SUM(C44:C47) -> 0 | D53: =SUM(D44:D47) -> 0 | E53: =SUM(E44:E47) -> 0 | F53: =SUM(F44:F47) -> 0 | G53: =SUM(G44:G47) -> 0 | H53: =SUM(H44:H47) -> 0 | I53: =SUM(I44:I47) -> 0 | J53: =SUM(B53:I53) -> 0
A54: 3.2 Patrullajes realizados en conjunto con participación de:
A55: Capitanía de Puerto | J55: =SUM(B55:I55) -> 0
A56: Comité de emergencia | J56: =SUM(B56:I56) -> 0
A57: Cruz Roja | J57: =SUM(B57:I57) -> 0
A58: Fiscalía | J58: =SUM(B58:I58) -> 0
A59: Fuerza Pública | J59: =SUM(B59:I59) -> 0
A60: INCOPESCA | J60: =SUM(B60:I60) -> 0
A61: Migración | J61: =SUM(B61:I61) -> 0
A62: MINAE | J62: =SUM(B62:I62) -> 0
A63: Ministerio de Salud | J63: =SUM(B63:I63) -> 0
A64: Municipalidad | J64: =SUM(B64:I64) -> 0
A65: OIJ | J65: =SUM(B65:I65) -> 0
A66: Otros | J66: =SUM(B66:I66) -> 0
... A75: Vigilancia Aérea | J75: =SUM(B75:I75) -> 0
A76: 4. TIPOS DE ACCIONES DURANTE EL PATRULLAJE
A77: a. Acciones de reafirmación de Soberanía | J77: =SUM(B77:I77) -> 0
A78: b. Control de narcotráfico | J78: =SUM(B78:I78) -> 0
A79: c. Traslado de droga | J79: =SUM(B79:I79) -> 0
A80: d. Control migración ilegal | J80: =SUM(B80:I80) -> 0
A81: e. Control de contrabando | J81: =SUM(B81:I81) -> 0
A82: f. Seguridad Portuario y Marítima | J82: =SUM(B82:I82) -> 0
A83: g. Trata de personas | J83: =SUM(B83:I83) -> 0
A84: h. Busqueda y Rescate (S.A.R) | J84: =SUM(B84:I84) -> 0
A85: h.1. Embarcaciones | J85: =SUM(B85:I85) -> 0
A86: h.2. Personas | J86: =SUM(B86:I86) -> 0
A87: i. Traslado de enfermos o heridos | J87: =SUM(B87:I87) -> 0
A88: j. Traslado de personas fallecidas | J88: =SUM(B88:I88) -> 0
... A106: ab. Atención de otros desastres naturales | J106: =SUM(B106:I106) -> 0
A107: 5. RESULTADOS OPERATIVOS
A108: a. Cantidad de inspecciones a embarcaciones con acta | J108: =SUM(B108:I108) -> 0
A109: a.1 Cantidad de inspecciones visuales a embarcaciones sin acta | J109: =SUM(B109:I109) -> 0
A110: b.Cantidad de inspecciones a motocicletas | J110: =SUM(B110:I110) -> 0
A111: c.Cantidad de inspecciones a vehiculos | J111: =SUM(B111:I111) -> 0
A112: d. Embarcaciones con documentos al dia | J112: =SUM(B112:I112) -> 0
A113: e. Embarcaciones sin documentos: | J113: =SUM(B113:I113) -> 0
A114: e1. Titulo de propiedad (matrícula) | J114: =SUM(B114:I114) -> 0
A115: e2. Certificado de navegabilidad | J115: =SUM(B115:I115) -> 0
A116: e3. Licencia de actividad | J116: =SUM(B116:I116) -> 0
A117: e4. Zarpe (Cuando corresponda) | J117: =SUM(B117:I117) -> 0
A118: e5. Certificado zafarrancho embarcacion | J118: =SUM(B118:I118) -> 0
A119: f. Embarcaciones con documentos vencidos: | J119: =SUM(B119:I119) -> 0
... A146: u. Personas detenidas | J146: =SUM(B146:I146) -> 0
A147: v. Personas indocumentadas: | B147: =SUM(B148:B155) -> 0 | C147: =SUM(C148:C155) -> 0 | D147: =SUM(D148:D155) -> 0 | E147: =SUM(E148:E155) -> 0 | F147: =SUM(F148:F155) -> 0 | G147: =SUM(G148:G155) -> 0 | H147: =SUM(H148:H155) -> 0 | I147: =SUM(I148:I155) -> 0 | J147: =SUM(B147:I147) -> 0
A148: v.1. Colombianas | J148: =SUM(B148:I148) -> 0
A149: v.2. Nicaraguenses | J149: =SUM(B149:I149) -> 0
A150: v.3. Salvadoreños | J150: =SUM(B150:I150) -> 0
A151: v4. Ecuatorianas | J151: =SUM(B151:I151) -> 0
A152: v.5. Mexicanas | J152: =SUM(B152:I152) -> 0
...

Sheet SNG-25
A1: SERVICIO NACIONAL DE GUARDACOSTAS Ministerio Seguridad Pública REGISTRO DE RESULTADOS OPERATIVOS , AÑO 2026
A3: ESTACIÓN DE GUARDACOSTAS: | B3: =IF(ESTACIÓN!B3="","",ESTACIÓN!B3) -> MURCIELAGO
A4: UNIDAD: | B4: =IF(ESTACIÓN!B4="","",ESTACIÓN!B4)
A5: SEMANA: | B5: =IF(ESTACIÓN!D5="","",ESTACIÓN!D5) -> 46113 | F5: al | G5: =IF(ESTACIÓN!I5="","",ESTACIÓN!I5) -> 46120
A6: CIERRE DE ORDEN | B6: =IF(ESTACIÓN!B6="","",ESTACIÓN!B6) -> 12
A7: NÚMERO DE REPORTE DE VIAJE:
A8: ITEM/DIA | B8: =ESTACIÓN!$B$8 -> 46113 | C8: =ESTACIÓN!$C$8 -> 46114 | D8: =ESTACIÓN!$D$8 -> 46115 | E8: =ESTACIÓN!$E$8 -> 46116 | F8: =ESTACIÓN!$F$8 -> 46117 | G8: =ESTACIÓN!$G$8 -> 46118 | H8: =ESTACIÓN!$H$8 -> 46119 | I8: =ESTACIÓN!$I$8 -> 46120 | J8: TOTAL
A9: 1. RECURSOS INVERTIDOS
A10: a. Millas recorridas por embarcación durante el patrullaje | J10: =SUM(B10:I10) -> 0 | U10: =COUNT(J10:J277) -> 250 | V10: =COUNTIF(J10:J277,"0") -> 250
A11: b. Kilómetros recorridos por el vehículo durante el patrullaje | J11: =SUM(B11:I11) -> 0
A12: c. Kilómetros recorridos caminando durante el patrullaje | J12: =SUM(B12:I12) -> 0
A13: d. Horas navegadas | J13: =SUM(B13:I13) -> 0
A14: e. Horas motor | J14: =SUM(B14:I14) -> 0
A15: f. Litros de gasolina abastecidos previos al patrullaje | J15: =SUM(B15:I15) -> 0
A16: g. Litros de gasolina consumidos durante el patrullaje | J16: =SUM(B16:I16) -> 0
A17: h. Litros de diesel abastecido previos al patrullaje | J17: =SUM(B17:I17) -> 0
A18: i. Litros de diesel consumidos durante el patrullaje | J18: =SUM(B18:I18) -> 0
A19: j. Consumo de aceite de mezcla durante patrullaje (cuartos) | J19: =SUM(B19:I19) -> 0
A20: k. Consumo de aceite de motor (galones) | J20: =SUM(B20:I20) -> 0
A21: 2. HORAS LABORADAS
A22: 2.1. HORAS OPERATIVAS
A23: a. Total de Horas Opertativas en patrullajes o puesto fijos
A24: a.1. Horas operativas en patrullajes y puestos fijos | J24: =SUM(B24:I24) -> 0
A25: 2.2. HORAS EN GESTION OPERATIVA DE APOYO
A26: b. Total de horas en apoyo logístico | B26: =SUM(B27:B34) -> 0 | C26: =SUM(C27:C34) -> 0 | D26: =SUM(D27:D34) -> 0 | E26: =SUM(E27:E34) -> 0 | F26: =SUM(F27:F34) -> 0 | G26: =SUM(G27:G34) -> 0 | H26: =SUM(H27:H34) -> 0 | I26: =SUM(I27:I34) -> 0 | J26: =SUM(B26:I26) -> 0
A27: b.1. Horas planificación, dirección, coordinación, supervisión. | J27: =SUM(B27:I27) -> 0
A28: b.2. Horas operativas en oficialía de guardia y vigilancia perimetral | J28: =SUM(B28:I28) -> 0
A29: b.3. Horas en procesos judiciales o administrativos | J29: =SUM(B29:I29) -> 0
A30: b.4. Horas en elaboración de documentos oficiales | J30: =SUM(B30:I30) -> 0
A31: b.5. Horas en mantenimiento de activos utilizados para patrullajes. | J31: =SUM(B31:I31) -> 0
A32: b.6. Horas en ornato, aseo de la Estación y/o Puesto, horas en mantenimiento de activos no utilizados para patrullaje, labores de preparación de alimentos, carga, descarga, transbordo de global y suministros (logística relacionada a alimentación y suministros en general) | J32: =SUM(B32:I32) -> 0
A33: b.7. Horas en reuniones | J33: =SUM(B33:I33) -> 0
A34: b.8 Horas Acondicionamiento Fisico | J34: =SUM(B34:I34) -> 0
A35: 2.3 HORAS EN PROYECCIÓN SOCIAL Y CAPACITACIÓN
A36: c. Total de horas proyección social y formación | B36: =SUM(B37:B39) -> 0 | C36: =SUM(C37:C39) -> 0 | D36: =SUM(D37:D39) -> 0 | E36: =SUM(E37:E39) -> 0 | F36: =SUM(F37:F39) -> 0 | G36: =SUM(G37:G39) -> 0 | H36: =SUM(H37:H39) -> 0 | I36: =SUM(I37:I39) -> 0 | J36: =SUM(B36:I36) -> 0
A37: c.1. Horas en charlas, talleres, capacitaciones impartidas | J37: =SUM(B37:I37) -> 0
A38: c.2. Horas en charlas, talleres, capacitaciones recibidas | J38: =SUM(B38:I38) -> 0
A39: c.3. Horas en actividades comunitarias | J39: =SUM(B39:I39) -> 0
A40: 2.4 OTRAS HORAS
A41: d.Total de Horas no operativas en servicio dentro de la base o puesto (stand by: espera por alerta de narcotráfico, espera por logística, espera por alguna situación ). | J41: =SUM(B41:I41) -> 0
A42: 3. PATRULLAJES
A43: 3.1 Tipos de Patrullajes
A44: a.1. Terrestres vehículo | J44: =SUM(B44:I44) -> 0
A45: a.2. Terrestres caminando | J45: =SUM(B45:I45) -> 0
A46: a.3. Acuáticos | J46: =SUM(B46:I46) -> 0
A47: a.4. Aéreos (sobrevuelos) | J47: =SUM(B47:I47) -> 0
A48: b. Total de Patrullajes en conjunto | B48: =SUM(B49:B51) -> 0 | C48: =SUM(C49:C51) -> 0 | D48: =SUM(D49:D51) -> 0 | E48: =SUM(E49:E51) -> 0 | F48: =SUM(F49:F51) -> 0 | G48: =SUM(G49:G51) -> 0 | H48: =SUM(H49:H51) -> 0 | I48: =SUM(I49:I51) -> 0 | J48: =SUM(B48:I48) -> 0
A49: b.1. Conjunto narcotráfico | J49: =SUM(B49:I49) -> 0
A50: b.2. Conjunto ambiental | J50: =SUM(B50:I50) -> 0
A51: b.3. Conjunto otros | J51: =SUM(B51:I51) -> 0
A52: Total Patrullajes Independientes | B52: =B53-B48 -> 0 | C52: =C53-C48 -> 0 | D52: =D53-D48 -> 0 | E52: =E53-E48 -> 0 | F52: =F53-F48 -> 0 | G52: =G53-G48 -> 0 | H52: =H53-H48 -> 0 | I52: =I53-I48 -> 0 | J52: =SUM(B52:I52) -> 0
A53: Total de Patrullajes | B53: =SUM(B44:B47) -> 0 | C53: =SUM(C44:C47) -> 0 | D53: =SUM(D44:D47) -> 0 | E53: =SUM(E44:E47) -> 0 | F53: =SUM(F44:F47) -> 0 | G53: =SUM(G44:G47) -> 0 | H53: =SUM(H44:H47) -> 0 | I53: =SUM(I44:I47) -> 0 | J53: =SUM(B53:I53) -> 0
A54: 3.2 Patrullajes realizados en conjunto con participación de:
A55: Capitanía de Puerto | J55: =SUM(B55:I55) -> 0
A56: Comité de emergencia | J56: =SUM(B56:I56) -> 0
A57: Cruz Roja | J57: =SUM(B57:I57) -> 0
A58: Fiscalía | J58: =SUM(B58:I58) -> 0
A59: Fuerza Pública | J59: =SUM(B59:I59) -> 0
A60: INCOPESCA | J60: =SUM(B60:I60) -> 0
A61: Migración | J61: =SUM(B61:I61) -> 0
A62: MINAE | J62: =SUM(B62:I62) -> 0
A63: Ministerio de Salud | J63: =SUM(B63:I63) -> 0
A64: Municipalidad | J64: =SUM(B64:I64) -> 0
A65: OIJ | J65: =SUM(B65:I65) -> 0
A66: Otros | J66: =SUM(B66:I66) -> 0
... A75: Vigilancia Aérea | J75: =SUM(B75:I75) -> 0
A76: 4. TIPOS DE ACCIONES DURANTE EL PATRULLAJE
A77: a. Acciones de reafirmación de Soberanía | J77: =SUM(B77:I77) -> 0
A78: b. Control de narcotráfico | J78: =SUM(B78:I78) -> 0
A79: c. Traslado de droga | J79: =SUM(B79:I79) -> 0
A80: d. Control migración ilegal | J80: =SUM(B80:I80) -> 0
A81: e. Control de contrabando | J81: =SUM(B81:I81) -> 0
A82: f. Seguridad Portuario y Marítima | J82: =SUM(B82:I82) -> 0
A83: g. Trata de personas | J83: =SUM(B83:I83) -> 0
A84: h. Busqueda y Rescate (S.A.R) | J84: =SUM(B84:I84) -> 0
A85: h.1. Embarcaciones | J85: =SUM(B85:I85) -> 0
A86: h.2. Personas | J86: =SUM(B86:I86) -> 0
A87: i. Traslado de enfermos o heridos | J87: =SUM(B87:I87) -> 0
A88: j. Traslado de personas fallecidas | J88: =SUM(B88:I88) -> 0
... A106: ab. Atención de otros desastres naturales | J106: =SUM(B106:I106) -> 0
A107: 5. RESULTADOS OPERATIVOS
A108: a. Cantidad de inspecciones a embarcaciones con acta | J108: =SUM(B108:I108) -> 0
A109: a.1 Cantidad de inspecciones visuales a embarcaciones sin acta | J109: =SUM(B109:I109) -> 0
A110: b.Cantidad de inspecciones a motocicletas | J110: =SUM(B110:I110) -> 0
A111: c.Cantidad de inspecciones a vehiculos | J111: =SUM(B111:I111) -> 0
A112: d. Embarcaciones con documentos al dia | J112: =SUM(B112:I112) -> 0
A113: e. Embarcaciones sin documentos: | J113: =SUM(B113:I113) -> 0
A114: e1. Titulo de propiedad (matrícula) | J114: =SUM(B114:I114) -> 0
A115: e2. Certificado de navegabilidad | J115: =SUM(B115:I115) -> 0
A116: e3. Licencia de actividad | J116: =SUM(B116:I116) -> 0
A117: e4. Zarpe (Cuando corresponda) | J117: =SUM(B117:I117) -> 0
A118: e5. Certificado zafarrancho embarcacion | J118: =SUM(B118:I118) -> 0
A119: f. Embarcaciones con documentos vencidos: | J119: =SUM(B119:I119) -> 0
... A146: u. Personas detenidas | J146: =SUM(B146:I146) -> 0
A147: v. Personas indocumentadas: | B147: =SUM(B148:B155) -> 0 | C147: =SUM(C148:C155) -> 0 | D147: =SUM(D148:D155) -> 0 | E147: =SUM(E148:E155) -> 0 | F147: =SUM(F148:F155) -> 0 | G147: =SUM(G148:G155) -> 0 | H147: =SUM(H148:H155) -> 0 | I147: =SUM(I148:I155) -> 0 | J147: =SUM(B147:I147) -> 0
A148: v.1. Colombianas | J148: =SUM(B148:I148) -> 0
A149: v.2. Nicaraguenses | J149: =SUM(B149:I149) -> 0
A150: v.3. Salvadoreños | J150: =SUM(B150:I150) -> 0
A151: v4. Ecuatorianas | J151: =SUM(B151:I151) -> 0
A152: v.5. Mexicanas | J152: =SUM(B152:I152) -> 0
...

Sheet GC-38-11
A1: SERVICIO NACIONAL DE GUARDACOSTAS Ministerio Seguridad Pública REGISTRO DE RESULTADOS OPERATIVOS , AÑO 2026
A3: ESTACIÓN DE GUARDACOSTAS: | B3: =IF(ESTACIÓN!B3="","",ESTACIÓN!B3) -> MURCIELAGO
A4: UNIDAD: | B4: =IF(ESTACIÓN!B4="","",ESTACIÓN!B4)
A5: SEMANA: | B5: =IF(ESTACIÓN!D5="","",ESTACIÓN!D5) -> 46113 | F5: al | G5: =IF(ESTACIÓN!I5="","",ESTACIÓN!I5) -> 46120
A6: CIERRE DE ORDEN | B6: =IF(ESTACIÓN!B6="","",ESTACIÓN!B6) -> 12
A7: NÚMERO DE REPORTE DE VIAJE:
A8: ITEM/DIA | B8: =ESTACIÓN!$B$8 -> 46113 | C8: =ESTACIÓN!$C$8 -> 46114 | D8: =ESTACIÓN!$D$8 -> 46115 | E8: =ESTACIÓN!$E$8 -> 46116 | F8: =ESTACIÓN!$F$8 -> 46117 | G8: =ESTACIÓN!$G$8 -> 46118 | H8: =ESTACIÓN!$H$8 -> 46119 | I8: =ESTACIÓN!$I$8 -> 46120 | J8: TOTAL
A9: 1. RECURSOS INVERTIDOS
A10: a. Millas recorridas por embarcación durante el patrullaje | J10: =SUM(B10:I10) -> 0 | U10: =COUNT(J10:J277) -> 250 | V10: =COUNTIF(J10:J277,"0") -> 250
A11: b. Kilómetros recorridos por el vehículo durante el patrullaje | J11: =SUM(B11:I11) -> 0
A12: c. Kilómetros recorridos caminando durante el patrullaje | J12: =SUM(B12:I12) -> 0
A13: d. Horas navegadas | J13: =SUM(B13:I13) -> 0
A14: e. Horas motor | J14: =SUM(B14:I14) -> 0
A15: f. Litros de gasolina abastecidos previos al patrullaje | J15: =SUM(B15:I15) -> 0
A16: g. Litros de gasolina consumidos durante el patrullaje | J16: =SUM(B16:I16) -> 0
A17: h. Litros de diesel abastecido previos al patrullaje | J17: =SUM(B17:I17) -> 0
A18: i. Litros de diesel consumidos durante el patrullaje | J18: =SUM(B18:I18) -> 0
A19: j. Consumo de aceite de mezcla durante patrullaje (cuartos) | J19: =SUM(B19:I19) -> 0
A20: k. Consumo de aceite de motor (galones) | J20: =SUM(B20:I20) -> 0
A21: 2. HORAS LABORADAS
A22: 2.1. HORAS OPERATIVAS
A23: a. Total de Horas Opertativas en patrullajes o puesto fijos
A24: a.1. Horas operativas en patrullajes y puestos fijos | J24: =SUM(B24:I24) -> 0
A25: 2.2. HORAS EN GESTION OPERATIVA DE APOYO
A26: b. Total de horas en apoyo logístico | B26: =SUM(B27:B34) -> 0 | C26: =SUM(C27:C34) -> 0 | D26: =SUM(D27:D34) -> 0 | E26: =SUM(E27:E34) -> 0 | F26: =SUM(F27:F34) -> 0 | G26: =SUM(G27:G34) -> 0 | H26: =SUM(H27:H34) -> 0 | I26: =SUM(I27:I34) -> 0 | J26: =SUM(B26:I26) -> 0
A27: b.1. Horas planificación, dirección, coordinación, supervisión. | J27: =SUM(B27:I27) -> 0
A28: b.2. Horas operativas en oficialía de guardia y vigilancia perimetral | J28: =SUM(B28:I28) -> 0
A29: b.3. Horas en procesos judiciales o administrativos | J29: =SUM(B29:I29) -> 0
A30: b.4. Horas en elaboración de documentos oficiales | J30: =SUM(B30:I30) -> 0
A31: b.5. Horas en mantenimiento de activos utilizados para patrullajes. | J31: =SUM(B31:I31) -> 0
A32: b.6. Horas en ornato, aseo de la Estación y/o Puesto, horas en mantenimiento de activos no utilizados para patrullaje, labores de preparación de alimentos, carga, descarga, transbordo de global y suministros (logística relacionada a alimentación y suministros en general) | J32: =SUM(B32:I32) -> 0
A33: b.7. Horas en reuniones | J33: =SUM(B33:I33) -> 0
A34: b.8 Horas Acondicionamiento Fisico | J34: =SUM(B34:I34) -> 0
A35: 2.3 HORAS EN PROYECCIÓN SOCIAL Y CAPACITACIÓN
A36: c. Total de horas proyección social y formación | B36: =SUM(B37:B39) -> 0 | C36: =SUM(C37:C39) -> 0 | D36: =SUM(D37:D39) -> 0 | E36: =SUM(E37:E39) -> 0 | F36: =SUM(F37:F39) -> 0 | G36: =SUM(G37:G39) -> 0 | H36: =SUM(H37:H39) -> 0 | I36: =SUM(I37:I39) -> 0 | J36: =SUM(B36:I36) -> 0
A37: c.1. Horas en charlas, talleres, capacitaciones impartidas | J37: =SUM(B37:I37) -> 0
A38: c.2. Horas en charlas, talleres, capacitaciones recibidas | J38: =SUM(B38:I38) -> 0
A39: c.3. Horas en actividades comunitarias | J39: =SUM(B39:I39) -> 0
A40: 2.4 OTRAS HORAS
A41: d.Total de Horas no operativas en servicio dentro de la base o puesto (stand by: espera por alerta de narcotráfico, espera por logística, espera por alguna situación ). | J41: =SUM(B41:I41) -> 0
A42: 3. PATRULLAJES
A43: 3.1 Tipos de Patrullajes
A44: a.1. Terrestres vehículo | J44: =SUM(B44:I44) -> 0
A45: a.2. Terrestres caminando | J45: =SUM(B45:I45) -> 0
A46: a.3. Acuáticos | J46: =SUM(B46:I46) -> 0
A47: a.4. Aéreos (sobrevuelos) | J47: =SUM(B47:I47) -> 0
A48: b. Total de Patrullajes en conjunto | B48: =SUM(B49:B51) -> 0 | C48: =SUM(C49:C51) -> 0 | D48: =SUM(D49:D51) -> 0 | E48: =SUM(E49:E51) -> 0 | F48: =SUM(F49:F51) -> 0 | G48: =SUM(G49:G51) -> 0 | H48: =SUM(H49:H51) -> 0 | I48: =SUM(I49:I51) -> 0 | J48: =SUM(B48:I48) -> 0
A49: b.1. Conjunto narcotráfico | J49: =SUM(B49:I49) -> 0
A50: b.2. Conjunto ambiental | J50: =SUM(B50:I50) -> 0
A51: b.3. Conjunto otros | J51: =SUM(B51:I51) -> 0
A52: Total Patrullajes Independientes | B52: =B53-B48 -> 0 | C52: =C53-C48 -> 0 | D52: =D53-D48 -> 0 | E52: =E53-E48 -> 0 | F52: =F53-F48 -> 0 | G52: =G53-G48 -> 0 | H52: =H53-H48 -> 0 | I52: =I53-I48 -> 0 | J52: =SUM(B52:I52) -> 0
A53: Total de Patrullajes | B53: =SUM(B44:B47) -> 0 | C53: =SUM(C44:C47) -> 0 | D53: =SUM(D44:D47) -> 0 | E53: =SUM(E44:E47) -> 0 | F53: =SUM(F44:F47) -> 0 | G53: =SUM(G44:G47) -> 0 | H53: =SUM(H44:H47) -> 0 | I53: =SUM(I44:I47) -> 0 | J53: =SUM(B53:I53) -> 0
A54: 3.2 Patrullajes realizados en conjunto con participación de:
A55: Capitanía de Puerto | J55: =SUM(B55:I55) -> 0
A56: Comité de emergencia | J56: =SUM(B56:I56) -> 0
A57: Cruz Roja | J57: =SUM(B57:I57) -> 0
A58: Fiscalía | J58: =SUM(B58:I58) -> 0
A59: Fuerza Pública | J59: =SUM(B59:I59) -> 0
A60: INCOPESCA | J60: =SUM(B60:I60) -> 0
A61: Migración | J61: =SUM(B61:I61) -> 0
A62: MINAE | J62: =SUM(B62:I62) -> 0
A63: Ministerio de Salud | J63: =SUM(B63:I63) -> 0
A64: Municipalidad | J64: =SUM(B64:I64) -> 0
A65: OIJ | J65: =SUM(B65:I65) -> 0
A66: Otros | J66: =SUM(B66:I66) -> 0
... A75: Vigilancia Aérea | J75: =SUM(B75:I75) -> 0
A76: 4. TIPOS DE ACCIONES DURANTE EL PATRULLAJE
A77: a. Acciones de reafirmación de Soberanía | J77: =SUM(B77:I77) -> 0
A78: b. Control de narcotráfico | J78: =SUM(B78:I78) -> 0
A79: c. Traslado de droga | J79: =SUM(B79:I79) -> 0
A80: d. Control migración ilegal | J80: =SUM(B80:I80) -> 0
A81: e. Control de contrabando | J81: =SUM(B81:I81) -> 0
A82: f. Seguridad Portuario y Marítima | J82: =SUM(B82:I82) -> 0
A83: g. Trata de personas | J83: =SUM(B83:I83) -> 0
A84: h. Busqueda y Rescate (S.A.R) | J84: =SUM(B84:I84) -> 0
A85: h.1. Embarcaciones | J85: =SUM(B85:I85) -> 0
A86: h.2. Personas | J86: =SUM(B86:I86) -> 0
A87: i. Traslado de enfermos o heridos | J87: =SUM(B87:I87) -> 0
A88: j. Traslado de personas fallecidas | J88: =SUM(B88:I88) -> 0
... A106: ab. Atención de otros desastres naturales | J106: =SUM(B106:I106) -> 0
A107: 5. RESULTADOS OPERATIVOS
A108: a. Cantidad de inspecciones a embarcaciones con acta | J108: =SUM(B108:I108) -> 0
A109: a.1 Cantidad de inspecciones visuales a embarcaciones sin acta | J109: =SUM(B109:I109) -> 0
A110: b.Cantidad de inspecciones a motocicletas | J110: =SUM(B110:I110) -> 0
A111: c.Cantidad de inspecciones a vehiculos | J111: =SUM(B111:I111) -> 0
A112: d. Embarcaciones con documentos al dia | J112: =SUM(B112:I112) -> 0
A113: e. Embarcaciones sin documentos: | J113: =SUM(B113:I113) -> 0
A114: e1. Titulo de propiedad (matrícula) | J114: =SUM(B114:I114) -> 0
A115: e2. Certificado de navegabilidad | J115: =SUM(B115:I115) -> 0
A116: e3. Licencia de actividad | J116: =SUM(B116:I116) -> 0
A117: e4. Zarpe (Cuando corresponda) | J117: =SUM(B117:I117) -> 0
A118: e5. Certificado zafarrancho embarcacion | J118: =SUM(B118:I118) -> 0
A119: f. Embarcaciones con documentos vencidos: | J119: =SUM(B119:I119) -> 0
... A146: u. Personas detenidas | J146: =SUM(B146:I146) -> 0
A147: v. Personas indocumentadas: | B147: =SUM(B148:B155) -> 0 | C147: =SUM(C148:C155) -> 0 | D147: =SUM(D148:D155) -> 0 | E147: =SUM(E148:E155) -> 0 | F147: =SUM(F148:F155) -> 0 | G147: =SUM(G148:G155) -> 0 | H147: =SUM(H148:H155) -> 0 | I147: =SUM(I148:I155) -> 0 | J147: =SUM(B147:I147) -> 0
A148: v.1. Colombianas | J148: =SUM(B148:I148) -> 0
A149: v.2. Nicaraguenses | J149: =SUM(B149:I149) -> 0
A150: v.3. Salvadoreños | J150: =SUM(B150:I150) -> 0
A151: v4. Ecuatorianas | J151: =SUM(B151:I151) -> 0
A152: v.5. Mexicanas | J152: =SUM(B152:I152) -> 0
...

Sheet GC-38-22
A1: SERVICIO NACIONAL DE GUARDACOSTAS Ministerio Seguridad Pública REGISTRO DE RESULTADOS OPERATIVOS , AÑO 2026
A3: ESTACIÓN DE GUARDACOSTAS: | B3: =IF(ESTACIÓN!B3="","",ESTACIÓN!B3) -> MURCIELAGO
A4: UNIDAD: | B4: =IF(ESTACIÓN!B4="","",ESTACIÓN!B4)
A5: SEMANA: | B5: =IF(ESTACIÓN!D5="","",ESTACIÓN!D5) -> 46113 | F5: al | G5: =IF(ESTACIÓN!I5="","",ESTACIÓN!I5) -> 46120
A6: CIERRE DE ORDEN | B6: =IF(ESTACIÓN!B6="","",ESTACIÓN!B6) -> 12
A7: NÚMERO DE REPORTE DE VIAJE:
A8: ITEM/DIA | B8: =ESTACIÓN!$B$8 -> 46113 | C8: =ESTACIÓN!$C$8 -> 46114 | D8: =ESTACIÓN!$D$8 -> 46115 | E8: =ESTACIÓN!$E$8 -> 46116 | F8: =ESTACIÓN!$F$8 -> 46117 | G8: =ESTACIÓN!$G$8 -> 46118 | H8: =ESTACIÓN!$H$8 -> 46119 | I8: =ESTACIÓN!$I$8 -> 46120 | J8: TOTAL
A9: 1. RECURSOS INVERTIDOS
A10: a. Millas recorridas por embarcación durante el patrullaje | J10: =SUM(B10:I10) -> 0 | U10: =COUNT(J10:J277) -> 250 | V10: =COUNTIF(J10:J277,"0") -> 250
A11: b. Kilómetros recorridos por el vehículo durante el patrullaje | J11: =SUM(B11:I11) -> 0
A12: c. Kilómetros recorridos caminando durante el patrullaje | J12: =SUM(B12:I12) -> 0
A13: d. Horas navegadas | J13: =SUM(B13:I13) -> 0
A14: e. Horas motor | J14: =SUM(B14:I14) -> 0
A15: f. Litros de gasolina abastecidos previos al patrullaje | J15: =SUM(B15:I15) -> 0
A16: g. Litros de gasolina consumidos durante el patrullaje | J16: =SUM(B16:I16) -> 0
A17: h. Litros de diesel abastecido previos al patrullaje | J17: =SUM(B17:I17) -> 0
A18: i. Litros de diesel consumidos durante el patrullaje | J18: =SUM(B18:I18) -> 0
A19: j. Consumo de aceite de mezcla durante patrullaje (cuartos) | J19: =SUM(B19:I19) -> 0
A20: k. Consumo de aceite de motor (galones) | J20: =SUM(B20:I20) -> 0
A21: 2. HORAS LABORADAS
A22: 2.1. HORAS OPERATIVAS
A23: a. Total de Horas Opertativas en patrullajes o puesto fijos
A24: a.1. Horas operativas en patrullajes y puestos fijos | J24: =SUM(B24:I24) -> 0
A25: 2.2. HORAS EN GESTION OPERATIVA DE APOYO
A26: b. Total de horas en apoyo logístico | B26: =SUM(B27:B34) -> 0 | C26: =SUM(C27:C34) -> 0 | D26: =SUM(D27:D34) -> 0 | E26: =SUM(E27:E34) -> 0 | F26: =SUM(F27:F34) -> 0 | G26: =SUM(G27:G34) -> 0 | H26: =SUM(H27:H34) -> 0 | I26: =SUM(I27:I34) -> 0 | J26: =SUM(B26:I26) -> 0
A27: b.1. Horas planificación, dirección, coordinación, supervisión. | J27: =SUM(B27:I27) -> 0
A28: b.2. Horas operativas en oficialía de guardia y vigilancia perimetral | J28: =SUM(B28:I28) -> 0
A29: b.3. Horas en procesos judiciales o administrativos | J29: =SUM(B29:I29) -> 0
A30: b.4. Horas en elaboración de documentos oficiales | J30: =SUM(B30:I30) -> 0
A31: b.5. Horas en mantenimiento de activos utilizados para patrullajes. | J31: =SUM(B31:I31) -> 0
A32: b.6. Horas en ornato, aseo de la Estación y/o Puesto, horas en mantenimiento de activos no utilizados para patrullaje, labores de preparación de alimentos, carga, descarga, transbordo de global y suministros (logística relacionada a alimentación y suministros en general) | J32: =SUM(B32:I32) -> 0
A33: b.7. Horas en reuniones | J33: =SUM(B33:I33) -> 0
A34: b.8 Horas Acondicionamiento Fisico | J34: =SUM(B34:I34) -> 0
A35: 2.3 HORAS EN PROYECCIÓN SOCIAL Y CAPACITACIÓN
A36: c. Total de horas proyección social y formación | B36: =SUM(B37:B39) -> 0 | C36: =SUM(C37:C39) -> 0 | D36: =SUM(D37:D39) -> 0 | E36: =SUM(E37:E39) -> 0 | F36: =SUM(F37:F39) -> 0 | G36: =SUM(G37:G39) -> 0 | H36: =SUM(H37:H39) -> 0 | I36: =SUM(I37:I39) -> 0 | J36: =SUM(B36:I36) -> 0
A37: c.1. Horas en charlas, talleres, capacitaciones impartidas | J37: =SUM(B37:I37) -> 0
A38: c.2. Horas en charlas, talleres, capacitaciones recibidas | J38: =SUM(B38:I38) -> 0
A39: c.3. Horas en actividades comunitarias | J39: =SUM(B39:I39) -> 0
A40: 2.4 OTRAS HORAS
A41: d.Total de Horas no operativas en servicio dentro de la base o puesto (stand by: espera por alerta de narcotráfico, espera por logística, espera por alguna situación ). | J41: =SUM(B41:I41) -> 0
A42: 3. PATRULLAJES
A43: 3.1 Tipos de Patrullajes
A44: a.1. Terrestres vehículo | J44: =SUM(B44:I44) -> 0
A45: a.2. Terrestres caminando | J45: =SUM(B45:I45) -> 0
A46: a.3. Acuáticos | J46: =SUM(B46:I46) -> 0
A47: a.4. Aéreos (sobrevuelos) | J47: =SUM(B47:I47) -> 0
A48: b. Total de Patrullajes en conjunto | B48: =SUM(B49:B51) -> 0 | C48: =SUM(C49:C51) -> 0 | D48: =SUM(D49:D51) -> 0 | E48: =SUM(E49:E51) -> 0 | F48: =SUM(F49:F51) -> 0 | G48: =SUM(G49:G51) -> 0 | H48: =SUM(H49:H51) -> 0 | I48: =SUM(I49:I51) -> 0 | J48: =SUM(B48:I48) -> 0
A49: b.1. Conjunto narcotráfico | J49: =SUM(B49:I49) -> 0
A50: b.2. Conjunto ambiental | J50: =SUM(B50:I50) -> 0
A51: b.3. Conjunto otros | J51: =SUM(B51:I51) -> 0
A52: Total Patrullajes Independientes | B52: =B53-B48 -> 0 | C52: =C53-C48 -> 0 | D52: =D53-D48 -> 0 | E52: =E53-E48 -> 0 | F52: =F53-F48 -> 0 | G52: =G53-G48 -> 0 | H52: =H53-H48 -> 0 | I52: =I53-I48 -> 0 | J52: =SUM(B52:I52) -> 0
A53: Total de Patrullajes | B53: =SUM(B44:B47) -> 0 | C53: =SUM(C44:C47) -> 0 | D53: =SUM(D44:D47) -> 0 | E53: =SUM(E44:E47) -> 0 | F53: =SUM(F44:F47) -> 0 | G53: =SUM(G44:G47) -> 0 | H53: =SUM(H44:H47) -> 0 | I53: =SUM(I44:I47) -> 0 | J53: =SUM(B53:I53) -> 0
A54: 3.2 Patrullajes realizados en conjunto con participación de:
A55: Capitanía de Puerto | J55: =SUM(B55:I55) -> 0
A56: Comité de emergencia | J56: =SUM(B56:I56) -> 0
A57: Cruz Roja | J57: =SUM(B57:I57) -> 0
A58: Fiscalía | J58: =SUM(B58:I58) -> 0
A59: Fuerza Pública | J59: =SUM(B59:I59) -> 0
A60: INCOPESCA | J60: =SUM(B60:I60) -> 0
A61: Migración | J61: =SUM(B61:I61) -> 0
A62: MINAE | J62: =SUM(B62:I62) -> 0
A63: Ministerio de Salud | J63: =SUM(B63:I63) -> 0
A64: Municipalidad | J64: =SUM(B64:I64) -> 0
A65: OIJ | J65: =SUM(B65:I65) -> 0
A66: Otros | J66: =SUM(B66:I66) -> 0
... A75: Vigilancia Aérea | J75: =SUM(B75:I75) -> 0
A76: 4. TIPOS DE ACCIONES DURANTE EL PATRULLAJE
A77: a. Acciones de reafirmación de Soberanía | J77: =SUM(B77:I77) -> 0
A78: b. Control de narcotráfico | J78: =SUM(B78:I78) -> 0
A79: c. Traslado de droga | J79: =SUM(B79:I79) -> 0
A80: d. Control migración ilegal | J80: =SUM(B80:I80) -> 0
A81: e. Control de contrabando | J81: =SUM(B81:I81) -> 0
A82: f. Seguridad Portuario y Marítima | J82: =SUM(B82:I82) -> 0
A83: g. Trata de personas | J83: =SUM(B83:I83) -> 0
A84: h. Busqueda y Rescate (S.A.R) | J84: =SUM(B84:I84) -> 0
A85: h.1. Embarcaciones | J85: =SUM(B85:I85) -> 0
A86: h.2. Personas | J86: =SUM(B86:I86) -> 0
A87: i. Traslado de enfermos o heridos | J87: =SUM(B87:I87) -> 0
A88: j. Traslado de personas fallecidas | J88: =SUM(B88:I88) -> 0
... A106: ab. Atención de otros desastres naturales | J106: =SUM(B106:I106) -> 0
A107: 5. RESULTADOS OPERATIVOS
A108: a. Cantidad de inspecciones a embarcaciones con acta | J108: =SUM(B108:I108) -> 0
A109: a.1 Cantidad de inspecciones visuales a embarcaciones sin acta | J109: =SUM(B109:I109) -> 0
A110: b.Cantidad de inspecciones a motocicletas | J110: =SUM(B110:I110) -> 0
A111: c.Cantidad de inspecciones a vehiculos | J111: =SUM(B111:I111) -> 0
A112: d. Embarcaciones con documentos al dia | J112: =SUM(B112:I112) -> 0
A113: e. Embarcaciones sin documentos: | J113: =SUM(B113:I113) -> 0
A114: e1. Titulo de propiedad (matrícula) | J114: =SUM(B114:I114) -> 0
A115: e2. Certificado de navegabilidad | J115: =SUM(B115:I115) -> 0
A116: e3. Licencia de actividad | J116: =SUM(B116:I116) -> 0
A117: e4. Zarpe (Cuando corresponda) | J117: =SUM(B117:I117) -> 0
A118: e5. Certificado zafarrancho embarcacion | J118: =SUM(B118:I118) -> 0
A119: f. Embarcaciones con documentos vencidos: | J119: =SUM(B119:I119) -> 0
... A146: u. Personas detenidas | J146: =SUM(B146:I146) -> 0
A147: v. Personas indocumentadas: | B147: =SUM(B148:B155) -> 0 | C147: =SUM(C148:C155) -> 0 | D147: =SUM(D148:D155) -> 0 | E147: =SUM(E148:E155) -> 0 | F147: =SUM(F148:F155) -> 0 | G147: =SUM(G148:G155) -> 0 | H147: =SUM(H148:H155) -> 0 | I147: =SUM(I148:I155) -> 0 | J147: =SUM(B147:I147) -> 0
A148: v.1. Colombianas | J148: =SUM(B148:I148) -> 0
A149: v.2. Nicaraguenses | J149: =SUM(B149:I149) -> 0
A150: v.3. Salvadoreños | J150: =SUM(B150:I150) -> 0
A151: v4. Ecuatorianas | J151: =SUM(B151:I151) -> 0
A152: v.5. Mexicanas | J152: =SUM(B152:I152) -> 0
...

Sheet MEGAOP
A1: SERVICIO NACIONAL DE GUARDACOSTAS Ministerio Seguridad Pública REGISTRO DE RESULTADOS OPERATIVOS , AÑO 2026
A3: ESTACIÓN DE GUARDACOSTAS: | B3: =IF(ESTACIÓN!B3="","",ESTACIÓN!B3) -> MURCIELAGO
A4: UNIDAD: | B4: =IF(ESTACIÓN!B4="","",ESTACIÓN!B4)
A5: SEMANA: | B5: =IF(ESTACIÓN!D5="","",ESTACIÓN!D5) -> 46113 | F5: al | G5: =IF(ESTACIÓN!I5="","",ESTACIÓN!I5) -> 46120
A6: CIERRE DE ORDEN | B6: =IF(ESTACIÓN!B6="","",ESTACIÓN!B6) -> 12
A7: NÚMERO DE REPORTE DE VIAJE:
A8: ITEM/DIA | B8: =ESTACIÓN!$B$8 -> 46113 | C8: =ESTACIÓN!$C$8 -> 46114 | D8: =ESTACIÓN!$D$8 -> 46115 | E8: =ESTACIÓN!$E$8 -> 46116 | F8: =ESTACIÓN!$F$8 -> 46117 | G8: =ESTACIÓN!$G$8 -> 46118 | H8: =ESTACIÓN!$H$8 -> 46119 | I8: =ESTACIÓN!$I$8 -> 46120 | J8: TOTAL
A9: 1. RECURSOS INVERTIDOS
A10: a. Millas recorridas por embarcación durante el patrullaje | J10: =SUM(B10:I10) -> 0 | U10: =COUNT(J10:J277) -> 250 | V10: =COUNTIF(J10:J277,"0") -> 250
A11: b. Kilómetros recorridos por el vehículo durante el patrullaje | J11: =SUM(B11:I11) -> 0
A12: c. Kilómetros recorridos caminando durante el patrullaje | J12: =SUM(B12:I12) -> 0
A13: d. Horas navegadas | J13: =SUM(B13:I13) -> 0
A14: e. Horas motor | J14: =SUM(B14:I14) -> 0
A15: f. Litros de gasolina abastecidos previos al patrullaje | J15: =SUM(B15:I15) -> 0
A16: g. Litros de gasolina consumidos durante el patrullaje | J16: =SUM(B16:I16) -> 0
A17: h. Litros de diesel abastecido previos al patrullaje | J17: =SUM(B17:I17) -> 0
A18: i. Litros de diesel consumidos durante el patrullaje | J18: =SUM(B18:I18) -> 0
A19: j. Consumo de aceite de mezcla durante patrullaje (cuartos) | J19: =SUM(B19:I19) -> 0
A20: k. Consumo de aceite de motor (galones) | J20: =SUM(B20:I20) -> 0
A21: 2. HORAS LABORADAS
A22: 2.1. HORAS OPERATIVAS
A23: a. Total de Horas Opertativas en patrullajes o puesto fijos
A24: a.1. Horas operativas en patrullajes y puestos fijos | J24: =SUM(B24:I24) -> 0
A25: 2.2. HORAS EN GESTION OPERATIVA DE APOYO
A26: b. Total de horas en apoyo logístico | B26: =SUM(B27:B34) -> 0 | C26: =SUM(C27:C34) -> 0 | D26: =SUM(D27:D34) -> 0 | E26: =SUM(E27:E34) -> 0 | F26: =SUM(F27:F34) -> 0 | G26: =SUM(G27:G34) -> 0 | H26: =SUM(H27:H34) -> 0 | I26: =SUM(I27:I34) -> 0 | J26: =SUM(B26:I26) -> 0
A27: b.1. Horas planificación, dirección, coordinación, supervisión. | J27: =SUM(B27:I27) -> 0
A28: b.2. Horas operativas en oficialía de guardia y vigilancia perimetral | J28: =SUM(B28:I28) -> 0
A29: b.3. Horas en procesos judiciales o administrativos | J29: =SUM(B29:I29) -> 0
A30: b.4. Horas en elaboración de documentos oficiales | J30: =SUM(B30:I30) -> 0
A31: b.5. Horas en mantenimiento de activos utilizados para patrullajes. | J31: =SUM(B31:I31) -> 0
A32: b.6. Horas en ornato, aseo de la Estación y/o Puesto, horas en mantenimiento de activos no utilizados para patrullaje, labores de preparación de alimentos, carga, descarga, transbordo de global y suministros (logística relacionada a alimentación y suministros en general) | J32: =SUM(B32:I32) -> 0
A33: b.7. Horas en reuniones | J33: =SUM(B33:I33) -> 0
A34: b.8 Horas Acondicionamiento Fisico | J34: =SUM(B34:I34) -> 0
A35: 2.3 HORAS EN PROYECCIÓN SOCIAL Y CAPACITACIÓN
A36: c. Total de horas proyección social y formación | B36: =SUM(B37:B39) -> 0 | C36: =SUM(C37:C39) -> 0 | D36: =SUM(D37:D39) -> 0 | E36: =SUM(E37:E39) -> 0 | F36: =SUM(F37:F39) -> 0 | G36: =SUM(G37:G39) -> 0 | H36: =SUM(H37:H39) -> 0 | I36: =SUM(I37:I39) -> 0 | J36: =SUM(B36:I36) -> 0
A37: c.1. Horas en charlas, talleres, capacitaciones impartidas | J37: =SUM(B37:I37) -> 0
A38: c.2. Horas en charlas, talleres, capacitaciones recibidas | J38: =SUM(B38:I38) -> 0
A39: c.3. Horas en actividades comunitarias | J39: =SUM(B39:I39) -> 0
A40: 2.4 OTRAS HORAS
A41: d.Total de Horas no operativas en servicio dentro de la base o puesto (stand by: espera por alerta de narcotráfico, espera por logística, espera por alguna situación ). | J41: =SUM(B41:I41) -> 0
A42: 3. PATRULLAJES
A43: 3.1 Tipos de Patrullajes
A44: a.1. Terrestres vehículo | J44: =SUM(B44:I44) -> 0
A45: a.2. Terrestres caminando | J45: =SUM(B45:I45) -> 0
A46: a.3. Acuáticos | J46: =SUM(B46:I46) -> 0
A47: a.4. Aéreos (sobrevuelos) | J47: =SUM(B47:I47) -> 0
A48: b. Total de Patrullajes en conjunto | B48: =SUM(B49:B51) -> 0 | C48: =SUM(C49:C51) -> 0 | D48: =SUM(D49:D51) -> 0 | E48: =SUM(E49:E51) -> 0 | F48: =SUM(F49:F51) -> 0 | G48: =SUM(G49:G51) -> 0 | H48: =SUM(H49:H51) -> 0 | I48: =SUM(I49:I51) -> 0 | J48: =SUM(B48:I48) -> 0
A49: b.1. Conjunto narcotráfico | J49: =SUM(B49:I49) -> 0
A50: b.2. Conjunto ambiental | J50: =SUM(B50:I50) -> 0
A51: b.3. Conjunto otros | J51: =SUM(B51:I51) -> 0
A52: Total Patrullajes Independientes | B52: =B53-B48 -> 0 | C52: =C53-C48 -> 0 | D52: =D53-D48 -> 0 | E52: =E53-E48 -> 0 | F52: =F53-F48 -> 0 | G52: =G53-G48 -> 0 | H52: =H53-H48 -> 0 | I52: =I53-I48 -> 0 | J52: =SUM(B52:I52) -> 0
A53: Total de Patrullajes | B53: =SUM(B44:B47) -> 0 | C53: =SUM(C44:C47) -> 0 | D53: =SUM(D44:D47) -> 0 | E53: =SUM(E44:E47) -> 0 | F53: =SUM(F44:F47) -> 0 | G53: =SUM(G44:G47) -> 0 | H53: =SUM(H44:H47) -> 0 | I53: =SUM(I44:I47) -> 0 | J53: =SUM(B53:I53) -> 0
A54: 3.2 Patrullajes realizados en conjunto con participación de:
A55: Capitanía de Puerto | J55: =SUM(B55:I55) -> 0
A56: Comité de emergencia | J56: =SUM(B56:I56) -> 0
A57: Cruz Roja | J57: =SUM(B57:I57) -> 0
A58: Fiscalía | J58: =SUM(B58:I58) -> 0
A59: Fuerza Pública | J59: =SUM(B59:I59) -> 0
A60: INCOPESCA | J60: =SUM(B60:I60) -> 0
A61: Migración | J61: =SUM(B61:I61) -> 0
A62: MINAE | J62: =SUM(B62:I62) -> 0
A63: Ministerio de Salud | J63: =SUM(B63:I63) -> 0
A64: Municipalidad | J64: =SUM(B64:I64) -> 0
A65: OIJ | J65: =SUM(B65:I65) -> 0
A66: Otros | J66: =SUM(B66:I66) -> 0
... A75: Vigilancia Aérea | J75: =SUM(B75:I75) -> 0
A76: 4. TIPOS DE ACCIONES DURANTE EL PATRULLAJE
A77: a. Acciones de reafirmación de Soberanía | J77: =SUM(B77:I77) -> 0
A78: b. Control de narcotráfico | J78: =SUM(B78:I78) -> 0
A79: c. Traslado de droga | J79: =SUM(B79:I79) -> 0
A80: d. Control migración ilegal | J80: =SUM(B80:I80) -> 0
A81: e. Control de contrabando | J81: =SUM(B81:I81) -> 0
A82: f. Seguridad Portuario y Marítima | J82: =SUM(B82:I82) -> 0
A83: g. Trata de personas | J83: =SUM(B83:I83) -> 0
A84: h. Busqueda y Rescate (S.A.R) | J84: =SUM(B84:I84) -> 0
A85: h.1. Embarcaciones | J85: =SUM(B85:I85) -> 0
A86: h.2. Personas | J86: =SUM(B86:I86) -> 0
A87: i. Traslado de enfermos o heridos | J87: =SUM(B87:I87) -> 0
A88: j. Traslado de personas fallecidas | J88: =SUM(B88:I88) -> 0
... A106: ab. Atención de otros desastres naturales | J106: =SUM(B106:I106) -> 0
A107: 5. RESULTADOS OPERATIVOS
A108: a. Cantidad de inspecciones a embarcaciones con acta | J108: =SUM(B108:I108) -> 0
A109: a.1 Cantidad de inspecciones visuales a embarcaciones sin acta | J109: =SUM(B109:I109) -> 0
A110: b.Cantidad de inspecciones a motocicletas | J110: =SUM(B110:I110) -> 0
A111: c.Cantidad de inspecciones a vehiculos | J111: =SUM(B111:I111) -> 0
A112: d. Embarcaciones con documentos al dia | J112: =SUM(B112:I112) -> 0
A113: e. Embarcaciones sin documentos: | J113: =SUM(B113:I113) -> 0
A114: e1. Titulo de propiedad (matrícula) | J114: =SUM(B114:I114) -> 0
A115: e2. Certificado de navegabilidad | J115: =SUM(B115:I115) -> 0
A116: e3. Licencia de actividad | J116: =SUM(B116:I116) -> 0
A117: e4. Zarpe (Cuando corresponda) | J117: =SUM(B117:I117) -> 0
A118: e5. Certificado zafarrancho embarcacion | J118: =SUM(B118:I118) -> 0
A119: f. Embarcaciones con documentos vencidos: | J119: =SUM(B119:I119) -> 0
... A146: u. Personas detenidas | J146: =SUM(B146:I146) -> 0
A147: v. Personas indocumentadas: | B147: =SUM(B148:B155) -> 0 | C147: =SUM(C148:C155) -> 0 | D147: =SUM(D148:D155) -> 0 | E147: =SUM(E148:E155) -> 0 | F147: =SUM(F148:F155) -> 0 | G147: =SUM(G148:G155) -> 0 | H147: =SUM(H148:H155) -> 0 | I147: =SUM(I148:I155) -> 0 | J147: =SUM(B147:I147) -> 0
A148: v.1. Colombianas | J148: =SUM(B148:I148) -> 0
A149: v.2. Nicaraguenses | J149: =SUM(B149:I149) -> 0
A150: v.3. Salvadoreños | J150: =SUM(B150:I150) -> 0
A151: v4. Ecuatorianas | J151: =SUM(B151:I151) -> 0
A152: v.5. Mexicanas | J152: =SUM(B152:I152) -> 0
...

Sheet CAMINANDO
A1: SERVICIO NACIONAL DE GUARDACOSTAS Ministerio Seguridad Pública REGISTRO DE RESULTADOS OPERATIVOS , AÑO 2026
A3: ESTACIÓN DE GUARDACOSTAS: | B3: =IF(ESTACIÓN!B3="","",ESTACIÓN!B3) -> MURCIELAGO
A4: UNIDAD: | B4: =IF(ESTACIÓN!B4="","",ESTACIÓN!B4)
A5: SEMANA: | B5: =IF(ESTACIÓN!D5="","",ESTACIÓN!D5) -> 46113 | F5: al | G5: =IF(ESTACIÓN!I5="","",ESTACIÓN!I5) -> 46120
A6: CIERRE DE ORDEN | B6: =IF(ESTACIÓN!B6="","",ESTACIÓN!B6) -> 12
A7: NÚMERO DE REPORTE DE VIAJE:
A8: ITEM/DIA | B8: =ESTACIÓN!$B$8 -> 46113 | C8: =ESTACIÓN!$C$8 -> 46114 | D8: =ESTACIÓN!$D$8 -> 46115 | E8: =ESTACIÓN!$E$8 -> 46116 | F8: =ESTACIÓN!$F$8 -> 46117 | G8: =ESTACIÓN!$G$8 -> 46118 | H8: =ESTACIÓN!$H$8 -> 46119 | I8: =ESTACIÓN!$I$8 -> 46120 | J8: TOTAL
A9: 1. RECURSOS INVERTIDOS
A10: a. Millas recorridas por embarcación durante el patrullaje | J10: =SUM(B10:I10) -> 0 | U10: =COUNT(J10:J277) -> 250 | V10: =COUNTIF(J10:J277,"0") -> 250
A11: b. Kilómetros recorridos por el vehículo durante el patrullaje | J11: =SUM(B11:I11) -> 0
A12: c. Kilómetros recorridos caminando durante el patrullaje | J12: =SUM(B12:I12) -> 0
A13: d. Horas navegadas | J13: =SUM(B13:I13) -> 0
A14: e. Horas motor | J14: =SUM(B14:I14) -> 0
A15: f. Litros de gasolina abastecidos previos al patrullaje | J15: =SUM(B15:I15) -> 0
A16: g. Litros de gasolina consumidos durante el patrullaje | J16: =SUM(B16:I16) -> 0
A17: h. Litros de diesel abastecido previos al patrullaje | J17: =SUM(B17:I17) -> 0
A18: i. Litros de diesel consumidos durante el patrullaje | J18: =SUM(B18:I18) -> 0
A19: j. Consumo de aceite de mezcla durante patrullaje (cuartos) | J19: =SUM(B19:I19) -> 0
A20: k. Consumo de aceite de motor (galones) | J20: =SUM(B20:I20) -> 0
A21: 2. HORAS LABORADAS
A22: 2.1. HORAS OPERATIVAS
A23: a. Total de Horas Opertativas en patrullajes o puesto fijos
A24: a.1. Horas operativas en patrullajes y puestos fijos | J24: =SUM(B24:I24) -> 0
A25: 2.2. HORAS EN GESTION OPERATIVA DE APOYO
A26: b. Total de horas en apoyo logístico | B26: =SUM(B27:B34) -> 0 | C26: =SUM(C27:C34) -> 0 | D26: =SUM(D27:D34) -> 0 | E26: =SUM(E27:E34) -> 0 | F26: =SUM(F27:F34) -> 0 | G26: =SUM(G27:G34) -> 0 | H26: =SUM(H27:H34) -> 0 | I26: =SUM(I27:I34) -> 0 | J26: =SUM(B26:I26) -> 0
A27: b.1. Horas planificación, dirección, coordinación, supervisión. | J27: =SUM(B27:I27) -> 0
A28: b.2. Horas operativas en oficialía de guardia y vigilancia perimetral | J28: =SUM(B28:I28) -> 0
A29: b.3. Horas en procesos judiciales o administrativos | J29: =SUM(B29:I29) -> 0
A30: b.4. Horas en elaboración de documentos oficiales | J30: =SUM(B30:I30) -> 0
A31: b.5. Horas en mantenimiento de activos utilizados para patrullajes. | J31: =SUM(B31:I31) -> 0
A32: b.6. Horas en ornato, aseo de la Estación y/o Puesto, horas en mantenimiento de activos no utilizados para patrullaje, labores de preparación de alimentos, carga, descarga, transbordo de global y suministros (logística relacionada a alimentación y suministros en general) | J32: =SUM(B32:I32) -> 0
A33: b.7. Horas en reuniones | J33: =SUM(B33:I33) -> 0
A34: b.8 Horas Acondicionamiento Fisico | J34: =SUM(B34:I34) -> 0
A35: 2.3 HORAS EN PROYECCIÓN SOCIAL Y CAPACITACIÓN
A36: c. Total de horas proyección social y formación | B36: =SUM(B37:B39) -> 0 | C36: =SUM(C37:C39) -> 0 | D36: =SUM(D37:D39) -> 0 | E36: =SUM(E37:E39) -> 0 | F36: =SUM(F37:F39) -> 0 | G36: =SUM(G37:G39) -> 0 | H36: =SUM(H37:H39) -> 0 | I36: =SUM(I37:I39) -> 0 | J36: =SUM(B36:I36) -> 0
A37: c.1. Horas en charlas, talleres, capacitaciones impartidas | J37: =SUM(B37:I37) -> 0
A38: c.2. Horas en charlas, talleres, capacitaciones recibidas | J38: =SUM(B38:I38) -> 0
A39: c.3. Horas en actividades comunitarias | J39: =SUM(B39:I39) -> 0
A40: 2.4 OTRAS HORAS
A41: d.Total de Horas no operativas en servicio dentro de la base o puesto (stand by: espera por alerta de narcotráfico, espera por logística, espera por alguna situación ). | J41: =SUM(B41:I41) -> 0
A42: 3. PATRULLAJES
A43: 3.1 Tipos de Patrullajes
A44: a.1. Terrestres vehículo | J44: =SUM(B44:I44) -> 0
A45: a.2. Terrestres caminando | J45: =SUM(B45:I45) -> 0
A46: a.3. Acuáticos | J46: =SUM(B46:I46) -> 0
A47: a.4. Aéreos (sobrevuelos) | J47: =SUM(B47:I47) -> 0
A48: b. Total de Patrullajes en conjunto | B48: =SUM(B49:B51) -> 0 | C48: =SUM(C49:C51) -> 0 | D48: =SUM(D49:D51) -> 0 | E48: =SUM(E49:E51) -> 0 | F48: =SUM(F49:F51) -> 0 | G48: =SUM(G49:G51) -> 0 | H48: =SUM(H49:H51) -> 0 | I48: =SUM(I49:I51) -> 0 | J48: =SUM(B48:I48) -> 0
A49: b.1. Conjunto narcotráfico | J49: =SUM(B49:I49) -> 0
A50: b.2. Conjunto ambiental | J50: =SUM(B50:I50) -> 0
A51: b.3. Conjunto otros | J51: =SUM(B51:I51) -> 0
A52: Total Patrullajes Independientes | B52: =B53-B48 -> 0 | C52: =C53-C48 -> 0 | D52: =D53-D48 -> 0 | E52: =E53-E48 -> 0 | F52: =F53-F48 -> 0 | G52: =G53-G48 -> 0 | H52: =H53-H48 -> 0 | I52: =I53-I48 -> 0 | J52: =SUM(B52:I52) -> 0
A53: Total de Patrullajes | B53: =SUM(B44:B47) -> 0 | C53: =SUM(C44:C47) -> 0 | D53: =SUM(D44:D47) -> 0 | E53: =SUM(E44:E47) -> 0 | F53: =SUM(F44:F47) -> 0 | G53: =SUM(G44:G47) -> 0 | H53: =SUM(H44:H47) -> 0 | I53: =SUM(I44:I47) -> 0 | J53: =SUM(B53:I53) -> 0
A54: 3.2 Patrullajes realizados en conjunto con participación de:
A55: Capitanía de Puerto | J55: =SUM(B55:I55) -> 0
A56: Comité de emergencia | J56: =SUM(B56:I56) -> 0
A57: Cruz Roja | J57: =SUM(B57:I57) -> 0
A58: Fiscalía | J58: =SUM(B58:I58) -> 0
A59: Fuerza Pública | J59: =SUM(B59:I59) -> 0
A60: INCOPESCA | J60: =SUM(B60:I60) -> 0
A61: Migración | J61: =SUM(B61:I61) -> 0
A62: MINAE | J62: =SUM(B62:I62) -> 0
A63: Ministerio de Salud | J63: =SUM(B63:I63) -> 0
A64: Municipalidad | J64: =SUM(B64:I64) -> 0
A65: OIJ | J65: =SUM(B65:I65) -> 0
A66: Otros | J66: =SUM(B66:I66) -> 0
... A75: Vigilancia Aérea | J75: =SUM(B75:I75) -> 0
A76: 4. TIPOS DE ACCIONES DURANTE EL PATRULLAJE
A77: a. Acciones de reafirmación de Soberanía | J77: =SUM(B77:I77) -> 0
A78: b. Control de narcotráfico | J78: =SUM(B78:I78) -> 0
A79: c. Traslado de droga | J79: =SUM(B79:I79) -> 0
A80: d. Control migración ilegal | J80: =SUM(B80:I80) -> 0
A81: e. Control de contrabando | J81: =SUM(B81:I81) -> 0
A82: f. Seguridad Portuario y Marítima | J82: =SUM(B82:I82) -> 0
A83: g. Trata de personas | J83: =SUM(B83:I83) -> 0
A84: h. Busqueda y Rescate (S.A.R) | J84: =SUM(B84:I84) -> 0
A85: h.1. Embarcaciones | J85: =SUM(B85:I85) -> 0
A86: h.2. Personas | J86: =SUM(B86:I86) -> 0
A87: i. Traslado de enfermos o heridos | J87: =SUM(B87:I87) -> 0
A88: j. Traslado de personas fallecidas | J88: =SUM(B88:I88) -> 0
... A106: ab. Atención de otros desastres naturales | J106: =SUM(B106:I106) -> 0
A107: 5. RESULTADOS OPERATIVOS
A108: a. Cantidad de inspecciones a embarcaciones con acta | J108: =SUM(B108:I108) -> 0
A109: a.1 Cantidad de inspecciones visuales a embarcaciones sin acta | J109: =SUM(B109:I109) -> 0
A110: b.Cantidad de inspecciones a motocicletas | J110: =SUM(B110:I110) -> 0
A111: c.Cantidad de inspecciones a vehiculos | J111: =SUM(B111:I111) -> 0
A112: d. Embarcaciones con documentos al dia | J112: =SUM(B112:I112) -> 0
A113: e. Embarcaciones sin documentos: | J113: =SUM(B113:I113) -> 0
A114: e1. Titulo de propiedad (matrícula) | J114: =SUM(B114:I114) -> 0
A115: e2. Certificado de navegabilidad | J115: =SUM(B115:I115) -> 0
A116: e3. Licencia de actividad | J116: =SUM(B116:I116) -> 0
A117: e4. Zarpe (Cuando corresponda) | J117: =SUM(B117:I117) -> 0
A118: e5. Certificado zafarrancho embarcacion | J118: =SUM(B118:I118) -> 0
A119: f. Embarcaciones con documentos vencidos: | J119: =SUM(B119:I119) -> 0
... A146: u. Personas detenidas | J146: =SUM(B146:I146) -> 0
A147: v. Personas indocumentadas: | B147: =SUM(B148:B155) -> 0 | C147: =SUM(C148:C155) -> 0 | D147: =SUM(D148:D155) -> 0 | E147: =SUM(E148:E155) -> 0 | F147: =SUM(F148:F155) -> 0 | G147: =SUM(G148:G155) -> 0 | H147: =SUM(H148:H155) -> 0 | I147: =SUM(I148:I155) -> 0 | J147: =SUM(B147:I147) -> 0
A148: v.1. Colombianas | J148: =SUM(B148:I148) -> 0
A149: v.2. Nicaraguenses | J149: =SUM(B149:I149) -> 0
A150: v.3. Salvadoreños | J150: =SUM(B150:I150) -> 0
A151: v4. Ecuatorianas | J151: =SUM(B151:I151) -> 0
A152: v.5. Mexicanas | J152: =SUM(B152:I152) -> 0
...

Sheet APOYO
A1: SERVICIO NACIONAL DE GUARDACOSTAS Ministerio Seguridad Pública REGISTRO DE RESULTADOS OPERATIVOS , AÑO 2026
A3: ESTACIÓN DE GUARDACOSTAS: | B3: =IF(ESTACIÓN!B3="","",ESTACIÓN!B3) -> MURCIELAGO
A4: UNIDAD: | B4: =IF(ESTACIÓN!B4="","",ESTACIÓN!B4)
A5: SEMANA: | B5: =IF(ESTACIÓN!D5="","",ESTACIÓN!D5) -> 46113 | F5: al | G5: =IF(ESTACIÓN!I5="","",ESTACIÓN!I5) -> 46120
A6: CIERRE DE ORDEN | B6: =IF(ESTACIÓN!B6="","",ESTACIÓN!B6) -> 12
A7: NÚMERO DE REPORTE DE VIAJE:
A8: ITEM/DIA | B8: =ESTACIÓN!$B$8 -> 46113 | C8: =ESTACIÓN!$C$8 -> 46114 | D8: =ESTACIÓN!$D$8 -> 46115 | E8: =ESTACIÓN!$E$8 -> 46116 | F8: =ESTACIÓN!$F$8 -> 46117 | G8: =ESTACIÓN!$G$8 -> 46118 | H8: =ESTACIÓN!$H$8 -> 46119 | I8: =ESTACIÓN!$I$8 -> 46120 | J8: TOTAL
A9: 1. RECURSOS INVERTIDOS
A10: a. Millas recorridas por embarcación durante el patrullaje | J10: =SUM(B10:I10) -> 0 | U10: =COUNT(J10:J277) -> 250 | V10: =COUNTIF(J10:J277,"0") -> 250
A11: b. Kilómetros recorridos por el vehículo durante el patrullaje | J11: =SUM(B11:I11) -> 0
A12: c. Kilómetros recorridos caminando durante el patrullaje | J12: =SUM(B12:I12) -> 0
A13: d. Horas navegadas | J13: =SUM(B13:I13) -> 0
A14: e. Horas motor | J14: =SUM(B14:I14) -> 0
A15: f. Litros de gasolina abastecidos previos al patrullaje | J15: =SUM(B15:I15) -> 0
A16: g. Litros de gasolina consumidos durante el patrullaje | J16: =SUM(B16:I16) -> 0
A17: h. Litros de diesel abastecido previos al patrullaje | J17: =SUM(B17:I17) -> 0
A18: i. Litros de diesel consumidos durante el patrullaje | J18: =SUM(B18:I18) -> 0
A19: j. Consumo de aceite de mezcla durante patrullaje (cuartos) | J19: =SUM(B19:I19) -> 0
A20: k. Consumo de aceite de motor (galones) | J20: =SUM(B20:I20) -> 0
A21: 2. HORAS LABORADAS
A22: 2.1. HORAS OPERATIVAS
A23: a. Total de Horas Opertativas en patrullajes o puesto fijos
A24: a.1. Horas operativas en patrullajes y puestos fijos | J24: =SUM(B24:I24) -> 0
A25: 2.2. HORAS EN GESTION OPERATIVA DE APOYO
A26: b. Total de horas en apoyo logístico | B26: =SUM(B27:B34) -> 0 | C26: =SUM(C27:C34) -> 0 | D26: =SUM(D27:D34) -> 0 | E26: =SUM(E27:E34) -> 0 | F26: =SUM(F27:F34) -> 0 | G26: =SUM(G27:G34) -> 0 | H26: =SUM(H27:H34) -> 0 | I26: =SUM(I27:I34) -> 0 | J26: =SUM(B26:I26) -> 0
A27: b.1. Horas planificación, dirección, coordinación, supervisión. | J27: =SUM(B27:I27) -> 0
A28: b.2. Horas operativas en oficialía de guardia y vigilancia perimetral | J28: =SUM(B28:I28) -> 0
A29: b.3. Horas en procesos judiciales o administrativos | J29: =SUM(B29:I29) -> 0
A30: b.4. Horas en elaboración de documentos oficiales | J30: =SUM(B30:I30) -> 0
A31: b.5. Horas en mantenimiento de activos utilizados para patrullajes. | J31: =SUM(B31:I31) -> 0
A32: b.6. Horas en ornato, aseo de la Estación y/o Puesto, horas en mantenimiento de activos no utilizados para patrullaje, labores de preparación de alimentos, carga, descarga, transbordo de global y suministros (logística relacionada a alimentación y suministros en general) | J32: =SUM(B32:I32) -> 0
A33: b.7. Horas en reuniones | J33: =SUM(B33:I33) -> 0
A34: b.8 Horas Acondicionamiento Fisico | J34: =SUM(B34:I34) -> 0
A35: 2.3 HORAS EN PROYECCIÓN SOCIAL Y CAPACITACIÓN
A36: c. Total de horas proyección social y formación | B36: =SUM(B37:B39) -> 0 | C36: =SUM(C37:C39) -> 0 | D36: =SUM(D37:D39) -> 0 | E36: =SUM(E37:E39) -> 0 | F36: =SUM(F37:F39) -> 0 | G36: =SUM(G37:G39) -> 0 | H36: =SUM(H37:H39) -> 0 | I36: =SUM(I37:I39) -> 0 | J36: =SUM(B36:I36) -> 0
A37: c.1. Horas en charlas, talleres, capacitaciones impartidas | J37: =SUM(B37:I37) -> 0
A38: c.2. Horas en charlas, talleres, capacitaciones recibidas | J38: =SUM(B38:I38) -> 0
A39: c.3. Horas en actividades comunitarias | J39: =SUM(B39:I39) -> 0
A40: 2.4 OTRAS HORAS
A41: d.Total de Horas no operativas en servicio dentro de la base o puesto (stand by: espera por alerta de narcotráfico, espera por logística, espera por alguna situación ). | J41: =SUM(B41:I41) -> 0
A42: 3. PATRULLAJES
A43: 3.1 Tipos de Patrullajes
A44: a.1. Terrestres vehículo | J44: =SUM(B44:I44) -> 0
A45: a.2. Terrestres caminando | J45: =SUM(B45:I45) -> 0
A46: a.3. Acuáticos | J46: =SUM(B46:I46) -> 0
A47: a.4. Aéreos (sobrevuelos) | J47: =SUM(B47:I47) -> 0
A48: b. Total de Patrullajes en conjunto | B48: =SUM(B49:B51) -> 0 | C48: =SUM(C49:C51) -> 0 | D48: =SUM(D49:D51) -> 0 | E48: =SUM(E49:E51) -> 0 | F48: =SUM(F49:F51) -> 0 | G48: =SUM(G49:G51) -> 0 | H48: =SUM(H49:H51) -> 0 | I48: =SUM(I49:I51) -> 0 | J48: =SUM(B48:I48) -> 0
A49: b.1. Conjunto narcotráfico | J49: =SUM(B49:I49) -> 0
A50: b.2. Conjunto ambiental | J50: =SUM(B50:I50) -> 0
A51: b.3. Conjunto otros | J51: =SUM(B51:I51) -> 0
A52: Total Patrullajes Independientes | B52: =B53-B48 -> 0 | C52: =C53-C48 -> 0 | D52: =D53-D48 -> 0 | E52: =E53-E48 -> 0 | F52: =F53-F48 -> 0 | G52: =G53-G48 -> 0 | H52: =H53-H48 -> 0 | I52: =I53-I48 -> 0 | J52: =SUM(B52:I52) -> 0
A53: Total de Patrullajes | B53: =SUM(B44:B47) -> 0 | C53: =SUM(C44:C47) -> 0 | D53: =SUM(D44:D47) -> 0 | E53: =SUM(E44:E47) -> 0 | F53: =SUM(F44:F47) -> 0 | G53: =SUM(G44:G47) -> 0 | H53: =SUM(H44:H47) -> 0 | I53: =SUM(I44:I47) -> 0 | J53: =SUM(B53:I53) -> 0
A54: 3.2 Patrullajes realizados en conjunto con participación de:
A55: Capitanía de Puerto | J55: =SUM(B55:I55) -> 0
A56: Comité de emergencia | J56: =SUM(B56:I56) -> 0
A57: Cruz Roja | J57: =SUM(B57:I57) -> 0
A58: Fiscalía | J58: =SUM(B58:I58) -> 0
A59: Fuerza Pública | J59: =SUM(B59:I59) -> 0
A60: INCOPESCA | J60: =SUM(B60:I60) -> 0
A61: Migración | J61: =SUM(B61:I61) -> 0
A62: MINAE | J62: =SUM(B62:I62) -> 0
A63: Ministerio de Salud | J63: =SUM(B63:I63) -> 0
A64: Municipalidad | J64: =SUM(B64:I64) -> 0
A65: OIJ | J65: =SUM(B65:I65) -> 0
A66: Otros | J66: =SUM(B66:I66) -> 0
... A75: Vigilancia Aérea | J75: =SUM(B75:I75) -> 0
A76: 4. TIPOS DE ACCIONES DURANTE EL PATRULLAJE
A77: a. Acciones de reafirmación de Soberanía | J77: =SUM(B77:I77) -> 0
A78: b. Control de narcotráfico | J78: =SUM(B78:I78) -> 0
A79: c. Traslado de droga | J79: =SUM(B79:I79) -> 0
A80: d. Control migración ilegal | J80: =SUM(B80:I80) -> 0
A81: e. Control de contrabando | J81: =SUM(B81:I81) -> 0
A82: f. Seguridad Portuario y Marítima | J82: =SUM(B82:I82) -> 0
A83: g. Trata de personas | J83: =SUM(B83:I83) -> 0
A84: h. Busqueda y Rescate (S.A.R) | J84: =SUM(B84:I84) -> 0
A85: h.1. Embarcaciones | J85: =SUM(B85:I85) -> 0
A86: h.2. Personas | J86: =SUM(B86:I86) -> 0
A87: i. Traslado de enfermos o heridos | J87: =SUM(B87:I87) -> 0
A88: j. Traslado de personas fallecidas | J88: =SUM(B88:I88) -> 0
... A106: ab. Atención de otros desastres naturales | J106: =SUM(B106:I106) -> 0
A107: 5. RESULTADOS OPERATIVOS
A108: a. Cantidad de inspecciones a embarcaciones con acta | J108: =SUM(B108:I108) -> 0
A109: a.1 Cantidad de inspecciones visuales a embarcaciones sin acta | J109: =SUM(B109:I109) -> 0
A110: b.Cantidad de inspecciones a motocicletas | J110: =SUM(B110:I110) -> 0
A111: c.Cantidad de inspecciones a vehiculos | J111: =SUM(B111:I111) -> 0
A112: d. Embarcaciones con documentos al dia | J112: =SUM(B112:I112) -> 0
A113: e. Embarcaciones sin documentos: | J113: =SUM(B113:I113) -> 0
A114: e1. Titulo de propiedad (matrícula) | J114: =SUM(B114:I114) -> 0
A115: e2. Certificado de navegabilidad | J115: =SUM(B115:I115) -> 0
A116: e3. Licencia de actividad | J116: =SUM(B116:I116) -> 0
A117: e4. Zarpe (Cuando corresponda) | J117: =SUM(B117:I117) -> 0
A118: e5. Certificado zafarrancho embarcacion | J118: =SUM(B118:I118) -> 0
A119: f. Embarcaciones con documentos vencidos: | J119: =SUM(B119:I119) -> 0
... A146: u. Personas detenidas | J146: =SUM(B146:I146) -> 0
A147: v. Personas indocumentadas: | B147: =SUM(B148:B155) -> 0 | C147: =SUM(C148:C155) -> 0 | D147: =SUM(D148:D155) -> 0 | E147: =SUM(E148:E155) -> 0 | F147: =SUM(F148:F155) -> 0 | G147: =SUM(G148:G155) -> 0 | H147: =SUM(H148:H155) -> 0 | I147: =SUM(I148:I155) -> 0 | J147: =SUM(B147:I147) -> 0
A148: v.1. Colombianas | J148: =SUM(B148:I148) -> 0
A149: v.2. Nicaraguenses | J149: =SUM(B149:I149) -> 0
A150: v.3. Salvadoreños | J150: =SUM(B150:I150) -> 0
A151: v4. Ecuatorianas | J151: =SUM(B151:I151) -> 0
A152: v.5. Mexicanas | J152: =SUM(B152:I152) -> 0
...

Sheet OTRO
A1: SERVICIO NACIONAL DE GUARDACOSTAS Ministerio Seguridad Pública REGISTRO DE RESULTADOS OPERATIVOS , AÑO 2026
A3: ESTACIÓN DE GUARDACOSTAS: | B3: =IF(ESTACIÓN!B3="","",ESTACIÓN!B3) -> MURCIELAGO
A4: UNIDAD: | B4: =IF(ESTACIÓN!B4="","",ESTACIÓN!B4)
A5: SEMANA: | B5: =IF(ESTACIÓN!D5="","",ESTACIÓN!D5) -> 46113 | F5: al | G5: =IF(ESTACIÓN!I5="","",ESTACIÓN!I5) -> 46120
A6: CIERRE DE ORDEN | B6: =IF(ESTACIÓN!B6="","",ESTACIÓN!B6) -> 12
A7: NÚMERO DE REPORTE DE VIAJE:
A8: ITEM/DIA | B8: =ESTACIÓN!$B$8 -> 46113 | C8: =ESTACIÓN!$C$8 -> 46114 | D8: =ESTACIÓN!$D$8 -> 46115 | E8: =ESTACIÓN!$E$8 -> 46116 | F8: =ESTACIÓN!$F$8 -> 46117 | G8: =ESTACIÓN!$G$8 -> 46118 | H8: =ESTACIÓN!$H$8 -> 46119 | I8: =ESTACIÓN!$I$8 -> 46120 | J8: TOTAL
A9: 1. RECURSOS INVERTIDOS
A10: a. Millas recorridas por embarcación durante el patrullaje | J10: =SUM(B10:I10) -> 0 | U10: =COUNT(J10:J277) -> 250 | V10: =COUNTIF(J10:J277,"0") -> 250
A11: b. Kilómetros recorridos por el vehículo durante el patrullaje | J11: =SUM(B11:I11) -> 0
A12: c. Kilómetros recorridos caminando durante el patrullaje | J12: =SUM(B12:I12) -> 0
A13: d. Horas navegadas | J13: =SUM(B13:I13) -> 0
A14: e. Horas motor | J14: =SUM(B14:I14) -> 0
A15: f. Litros de gasolina abastecidos previos al patrullaje | J15: =SUM(B15:I15) -> 0
A16: g. Litros de gasolina consumidos durante el patrullaje | J16: =SUM(B16:I16) -> 0
A17: h. Litros de diesel abastecido previos al patrullaje | J17: =SUM(B17:I17) -> 0
A18: i. Litros de diesel consumidos durante el patrullaje | J18: =SUM(B18:I18) -> 0
A19: j. Consumo de aceite de mezcla durante patrullaje (cuartos) | J19: =SUM(B19:I19) -> 0
A20: k. Consumo de aceite de motor (galones) | J20: =SUM(B20:I20) -> 0
A21: 2. HORAS LABORADAS
A22: 2.1. HORAS OPERATIVAS
A23: a. Total de Horas Opertativas en patrullajes o puesto fijos
A24: a.1. Horas operativas en patrullajes y puestos fijos | J24: =SUM(B24:I24) -> 0
A25: 2.2. HORAS EN GESTION OPERATIVA DE APOYO
A26: b. Total de horas en apoyo logístico | B26: =SUM(B27:B34) -> 0 | C26: =SUM(C27:C34) -> 0 | D26: =SUM(D27:D34) -> 0 | E26: =SUM(E27:E34) -> 0 | F26: =SUM(F27:F34) -> 0 | G26: =SUM(G27:G34) -> 0 | H26: =SUM(H27:H34) -> 0 | I26: =SUM(I27:I34) -> 0 | J26: =SUM(B26:I26) -> 0
A27: b.1. Horas planificación, dirección, coordinación, supervisión. | J27: =SUM(B27:I27) -> 0
A28: b.2. Horas operativas en oficialía de guardia y vigilancia perimetral | J28: =SUM(B28:I28) -> 0
A29: b.3. Horas en procesos judiciales o administrativos | J29: =SUM(B29:I29) -> 0
A30: b.4. Horas en elaboración de documentos oficiales | J30: =SUM(B30:I30) -> 0
A31: b.5. Horas en mantenimiento de activos utilizados para patrullajes. | J31: =SUM(B31:I31) -> 0
A32: b.6. Horas en ornato, aseo de la Estación y/o Puesto, horas en mantenimiento de activos no utilizados para patrullaje, labores de preparación de alimentos, carga, descarga, transbordo de global y suministros (logística relacionada a alimentación y suministros en general) | J32: =SUM(B32:I32) -> 0
A33: b.7. Horas en reuniones | J33: =SUM(B33:I33) -> 0
A34: b.8 Horas Acondicionamiento Fisico | J34: =SUM(B34:I34) -> 0
A35: 2.3 HORAS EN PROYECCIÓN SOCIAL Y CAPACITACIÓN
A36: c. Total de horas proyección social y formación | B36: =SUM(B37:B39) -> 0 | C36: =SUM(C37:C39) -> 0 | D36: =SUM(D37:D39) -> 0 | E36: =SUM(E37:E39) -> 0 | F36: =SUM(F37:F39) -> 0 | G36: =SUM(G37:G39) -> 0 | H36: =SUM(H37:H39) -> 0 | I36: =SUM(I37:I39) -> 0 | J36: =SUM(B36:I36) -> 0
A37: c.1. Horas en charlas, talleres, capacitaciones impartidas | J37: =SUM(B37:I37) -> 0
A38: c.2. Horas en charlas, talleres, capacitaciones recibidas | J38: =SUM(B38:I38) -> 0
A39: c.3. Horas en actividades comunitarias | J39: =SUM(B39:I39) -> 0
A40: 2.4 OTRAS HORAS
A41: d.Total de Horas no operativas en servicio dentro de la base o puesto (stand by: espera por alerta de narcotráfico, espera por logística, espera por alguna situación ). | J41: =SUM(B41:I41) -> 0
A42: 3. PATRULLAJES
A43: 3.1 Tipos de Patrullajes
A44: a.1. Terrestres vehículo | J44: =SUM(B44:I44) -> 0
A45: a.2. Terrestres caminando | J45: =SUM(B45:I45) -> 0
A46: a.3. Acuáticos | J46: =SUM(B46:I46) -> 0
A47: a.4. Aéreos (sobrevuelos) | J47: =SUM(B47:I47) -> 0
A48: b. Total de Patrullajes en conjunto | B48: =SUM(B49:B51) -> 0 | C48: =SUM(C49:C51) -> 0 | D48: =SUM(D49:D51) -> 0 | E48: =SUM(E49:E51) -> 0 | F48: =SUM(F49:F51) -> 0 | G48: =SUM(G49:G51) -> 0 | H48: =SUM(H49:H51) -> 0 | I48: =SUM(I49:I51) -> 0 | J48: =SUM(B48:I48) -> 0
A49: b.1. Conjunto narcotráfico | J49: =SUM(B49:I49) -> 0
A50: b.2. Conjunto ambiental | J50: =SUM(B50:I50) -> 0
A51: b.3. Conjunto otros | J51: =SUM(B51:I51) -> 0
A52: Total Patrullajes Independientes | B52: =B53-B48 -> 0 | C52: =C53-C48 -> 0 | D52: =D53-D48 -> 0 | E52: =E53-E48 -> 0 | F52: =F53-F48 -> 0 | G52: =G53-G48 -> 0 | H52: =H53-H48 -> 0 | I52: =I53-I48 -> 0 | J52: =SUM(B52:I52) -> 0
A53: Total de Patrullajes | B53: =SUM(B44:B47) -> 0 | C53: =SUM(C44:C47) -> 0 | D53: =SUM(D44:D47) -> 0 | E53: =SUM(E44:E47) -> 0 | F53: =SUM(F44:F47) -> 0 | G53: =SUM(G44:G47) -> 0 | H53: =SUM(H44:H47) -> 0 | I53: =SUM(I44:I47) -> 0 | J53: =SUM(B53:I53) -> 0
A54: 3.2 Patrullajes realizados en conjunto con participación de:
A55: Capitanía de Puerto | J55: =SUM(B55:I55) -> 0
A56: Comité de emergencia | J56: =SUM(B56:I56) -> 0
A57: Cruz Roja | J57: =SUM(B57:I57) -> 0
A58: Fiscalía | J58: =SUM(B58:I58) -> 0
A59: Fuerza Pública | J59: =SUM(B59:I59) -> 0
A60: INCOPESCA | J60: =SUM(B60:I60) -> 0
A61: Migración | J61: =SUM(B61:I61) -> 0
A62: MINAE | J62: =SUM(B62:I62) -> 0
A63: Ministerio de Salud | J63: =SUM(B63:I63) -> 0
A64: Municipalidad | J64: =SUM(B64:I64) -> 0
A65: OIJ | J65: =SUM(B65:I65) -> 0
A66: Otros | J66: =SUM(B66:I66) -> 0
... A75: Vigilancia Aérea | J75: =SUM(B75:I75) -> 0
A76: 4. TIPOS DE ACCIONES DURANTE EL PATRULLAJE
A77: a. Acciones de reafirmación de Soberanía | J77: =SUM(B77:I77) -> 0
A78: b. Control de narcotráfico | J78: =SUM(B78:I78) -> 0
A79: c. Traslado de droga | J79: =SUM(B79:I79) -> 0
A80: d. Control migración ilegal | J80: =SUM(B80:I80) -> 0
A81: e. Control de contrabando | J81: =SUM(B81:I81) -> 0
A82: f. Seguridad Portuario y Marítima | J82: =SUM(B82:I82) -> 0
A83: g. Trata de personas | J83: =SUM(B83:I83) -> 0
A84: h. Busqueda y Rescate (S.A.R) | J84: =SUM(B84:I84) -> 0
A85: h.1. Embarcaciones | J85: =SUM(B85:I85) -> 0
A86: h.2. Personas | J86: =SUM(B86:I86) -> 0
A87: i. Traslado de enfermos o heridos | J87: =SUM(B87:I87) -> 0
A88: j. Traslado de personas fallecidas | J88: =SUM(B88:I88) -> 0
... A106: ab. Atención de otros desastres naturales | J106: =SUM(B106:I106) -> 0
A107: 5. RESULTADOS OPERATIVOS
A108: a. Cantidad de inspecciones a embarcaciones con acta | J108: =SUM(B108:I108) -> 0
A109: a.1 Cantidad de inspecciones visuales a embarcaciones sin acta | J109: =SUM(B109:I109) -> 0
A110: b.Cantidad de inspecciones a motocicletas | J110: =SUM(B110:I110) -> 0
A111: c.Cantidad de inspecciones a vehiculos | J111: =SUM(B111:I111) -> 0
A112: d. Embarcaciones con documentos al dia | J112: =SUM(B112:I112) -> 0
A113: e. Embarcaciones sin documentos: | J113: =SUM(B113:I113) -> 0
A114: e1. Titulo de propiedad (matrícula) | J114: =SUM(B114:I114) -> 0
A115: e2. Certificado de navegabilidad | J115: =SUM(B115:I115) -> 0
A116: e3. Licencia de actividad | J116: =SUM(B116:I116) -> 0
A117: e4. Zarpe (Cuando corresponda) | J117: =SUM(B117:I117) -> 0
A118: e5. Certificado zafarrancho embarcacion | J118: =SUM(B118:I118) -> 0
A119: f. Embarcaciones con documentos vencidos: | J119: =SUM(B119:I119) -> 0
... A146: u. Personas detenidas | J146: =SUM(B146:I146) -> 0
A147: v. Personas indocumentadas: | B147: =SUM(B148:B155) -> 0 | C147: =SUM(C148:C155) -> 0 | D147: =SUM(D148:D155) -> 0 | E147: =SUM(E148:E155) -> 0 | F147: =SUM(F148:F155) -> 0 | G147: =SUM(G148:G155) -> 0 | H147: =SUM(H148:H155) -> 0 | I147: =SUM(I148:I155) -> 0 | J147: =SUM(B147:I147) -> 0
A148: v.1. Colombianas | J148: =SUM(B148:I148) -> 0
A149: v.2. Nicaraguenses | J149: =SUM(B149:I149) -> 0
A150: v.3. Salvadoreños | J150: =SUM(B150:I150) -> 0
A151: v4. Ecuatorianas | J151: =SUM(B151:I151) -> 0
A152: v.5. Mexicanas | J152: =SUM(B152:I152) -> 0
...

Sheet Hoja1
B1: HOJAS
B2: ESTACIÓN | E2: CONTADOR
B3: SNG-08 | E3: =1+COUNTA(B2:B10) -> 10
B4: SNG-16
B5: SNG-25
B6: GC-38-11
B7: GC-38-22
B8: MEGAOP
B9: CAMINANDO
B10: APOYO
